start_time,item_nr,elem_nr,item_right,item_right_percentage,elem_right,elem_right_percentage,item_right_without_unknown,item_right_without_unknown_percentage,elem_right_without_unknown,elem_right_without_knonown_percentage,sp00,sp01,sp02,sp03,sp10,sp11,sp12,sp13,sp20,sp21,sp22,sp23,sp30,sp31,sp32,sp33,spun,s0,s1,s2,s3,p0,p1,p2,p3,unknown_percentage
0,855,5130,618,0.722807018,4299,0.838011696,718,0.839766082,4847,0.944834308,3757,79,0,1,179,506,2,0,0,9,28,0,0,2,11,8,548,0.979150378,0.736535662,0.756756757,0.380952381,0.954522358,0.848993289,0.682926829,0.888888889,0.106822612
5,855,5130,623,0.728654971,4252,0.828849903,722,0.844444444,4841,0.943664717,3707,69,0,13,176,508,6,5,1,5,29,0,2,4,8,8,589,0.978358406,0.730935252,0.828571429,0.363636364,0.95393721,0.866894198,0.674418605,0.307692308,0.114814815
10,855,5130,631,0.738011696,4291,0.836452242,735,0.859649123,4885,0.952241715,3712,66,0,0,160,536,7,0,0,2,31,3,0,0,7,12,594,0.982530439,0.762446657,0.861111111,0.631578947,0.958677686,0.887417219,0.688888889,0.8,0.115789474
15,855,5130,633,0.740350877,4285,0.835282651,737,0.861988304,4880,0.951267057,3701,64,0,0,163,546,4,0,0,6,27,8,0,0,5,11,595,0.983001328,0.765778401,0.658536585,0.6875,0.957815735,0.886363636,0.75,0.578947368,0.115984405
20,855,5130,641,0.749707602,4307,0.83957115,745,0.871345029,4902,0.955555556,3697,81,0,0,127,565,9,0,0,3,38,0,0,0,8,7,595,0.978560085,0.805991441,0.926829268,0.466666667,0.966788703,0.870570108,0.690909091,1,0.115984405
25,855,5130,629,0.735672515,4304,0.838986355,732,0.856140351,4898,0.954775828,3710,78,0,6,128,556,4,0,0,8,31,2,0,0,6,7,594,0.977859779,0.808139535,0.756097561,0.538461538,0.966649297,0.866043614,0.756097561,0.466666667,0.115789474
30,855,5130,629,0.735672515,4290,0.83625731,732,0.856140351,4884,0.952046784,3714,77,1,0,148,538,6,0,0,9,30,0,0,0,5,8,594,0.97943038,0.777456647,0.769230769,0.615384615,0.961677887,0.862179487,0.714285714,1,0.115789474
35,855,5130,626,0.732163743,4273,0.83294347,729,0.852631579,4867,0.948732943,3702,80,1,0,162,534,7,0,1,8,29,0,0,0,4,8,594,0.978588422,0.759601707,0.763157895,0.666666667,0.957826649,0.8585209,0.707317073,1,0.115789474
40,855,5130,625,0.730994152,4225,0.823586745,723,0.845614035,4814,0.938401559,3652,120,2,29,139,537,13,0,0,8,29,0,0,0,5,7,589,0.960294504,0.779390421,0.783783784,0.583333333,0.963334213,0.807518797,0.591836735,0.194444444,0.114814815
45,855,5130,628,0.734502924,4260,0.830409357,692,0.809356725,4814,0.938401559,3687,111,3,39,134,543,12,1,0,11,23,0,0,0,5,7,554,0.96015625,0.786956522,0.676470588,0.583333333,0.964930646,0.816541353,0.534883721,0.14893617,0.107992203
50,855,5130,630,0.736842105,4281,0.834502924,684,0.8,4791,0.933918129,3714,89,1,75,142,541,13,3,0,11,19,0,0,0,5,7,510,0.957463264,0.773962804,0.633333333,0.583333333,0.963174274,0.84399376,0.5,0.082352941,0.099415205
55,855,5130,629,0.735672515,4278,0.833918129,680,0.795321637,4741,0.92417154,3712,83,2,120,149,541,15,5,2,9,18,0,0,0,4,7,463,0.947664029,0.761971831,0.620689655,0.636363636,0.960911209,0.854660348,0.461538462,0.053030303,0.090253411
100,855,5130,626,0.732163743,4270,0.832358674,677,0.791812865,4687,0.913645224,3709,90,1,164,157,538,8,7,4,9,16,0,0,0,3,7,417,0.935671039,0.757746479,0.551724138,0.7,0.958397933,0.844583987,0.571428571,0.039325843,0.08128655
105,855,5130,637,0.74502924,4300,0.838206628,688,0.804678363,4671,0.910526316,3723,75,2,208,141,552,14,9,3,5,18,0,0,0,2,7,371,0.928892216,0.770949721,0.692307692,0.777777778,0.962761831,0.873417722,0.5,0.03125,0.072319688
110,855,5130,627,0.733333333,4296,0.837426901,678,0.792982456,4620,0.900584795,3725,55,4,251,168,548,11,13,6,2,15,0,0,0,0,8,324,0.923172243,0.740540541,0.652173913,1,0.955373173,0.905785124,0.5,0.029411765,0.063157895
115,855,5130,639,0.747368421,4363,0.850487329,690,0.807017544,4674,0.911111111,3783,188,4,63,170,560,12,10,9,0,13,0,0,0,0,7,311,0.936849926,0.744680851,0.590909091,1,0.954820798,0.748663102,0.448275862,0.0875,0.060623782
120,855,5130,639,0.747368421,4384,0.854580897,690,0.807017544,4692,0.914619883,3810,208,4,13,193,556,5,4,8,3,12,0,0,0,0,6,308,0.944237918,0.733509235,0.52173913,1,0.949887809,0.724902216,0.571428571,0.260869565,0.060038986
125,855,5130,679,0.794152047,4485,0.874269006,730,0.85380117,4793,0.934307992,3903,130,6,0,190,556,8,0,2,1,20,0,0,0,0,6,308,0.966328299,0.737400531,0.869565217,1,0.953113553,0.809315866,0.588235294,1,0.060038986
130,855,5130,694,0.811695906,4517,0.880506823,745,0.871345029,4824,0.940350877,3925,98,0,3,191,572,6,2,4,2,14,0,0,0,0,6,307,0.974913065,0.741893645,0.7,1,0.952669903,0.851190476,0.7,0.545454545,0.059844055
135,855,5130,697,0.815204678,4524,0.881871345,748,0.874853801,4830,0.941520468,3925,91,0,4,195,581,0,2,4,4,12,0,0,0,0,6,306,0.976368159,0.746786632,0.6,1,0.951745878,0.859467456,1,0.5,0.059649123
140,855,5130,694,0.811695906,4547,0.886354776,744,0.870175439,4853,0.946003899,3913,103,4,0,156,614,4,1,2,7,14,0,0,0,0,6,306,0.973383085,0.792258065,0.608695652,1,0.961188897,0.848066298,0.636363636,0.857142857,0.059649123
145,855,5130,685,0.801169591,4497,0.876608187,735,0.859649123,4803,0.93625731,3889,153,4,0,150,587,11,2,2,5,15,0,0,0,0,6,306,0.961196243,0.782666667,0.681818182,1,0.962385548,0.787919463,0.5,0.75,0.059649123
150,855,5130,676,0.790643275,4553,0.887524366,734,0.858479532,4867,0.948732943,3939,94,0,0,155,592,8,2,2,2,16,0,0,0,0,6,314,0.976692289,0.782034346,0.8,1,0.961669922,0.860465116,0.666666667,0.75,0.061208577
155,855,5130,629,0.735672515,4449,0.867251462,720,0.842105263,4810,0.937621832,3857,119,0,0,187,571,6,2,1,5,15,0,0,0,0,6,361,0.970070423,0.745430809,0.714285714,1,0.953522868,0.821582734,0.714285714,0.75,0.07037037
200,855,5130,635,0.742690058,4427,0.862962963,727,0.850292398,4835,0.942495127,3834,99,0,0,184,575,0,2,1,9,12,0,0,0,0,6,408,0.974828375,0.755584757,0.545454545,1,0.953968649,0.841874085,1,0.75,0.079532164
205,855,5130,626,0.732163743,4356,0.849122807,718,0.839766082,4812,0.938011696,3754,122,0,0,182,584,0,2,1,11,12,0,0,0,0,6,456,0.968524252,0.760416667,0.5,1,0.953517907,0.814504881,1,0.75,0.088888889
210,855,5130,634,0.741520468,4338,0.845614035,728,0.851461988,4842,0.943859649,3717,117,2,0,156,602,0,0,2,11,13,0,0,0,0,6,504,0.968978102,0.794195251,0.5,1,0.959225806,0.824657534,0.866666667,1,0.098245614
215,855,5130,619,0.723976608,4250,0.828460039,712,0.832748538,4802,0.936062378,3652,97,0,0,211,579,2,0,2,16,13,0,0,0,0,6,552,0.974126434,0.731060606,0.419354839,1,0.944890039,0.836705202,0.866666667,1,0.107602339
220,855,5130,614,0.718128655,4221,0.822807018,712,0.832748538,4813,0.938206628,3598,109,1,0,185,601,2,0,4,16,16,0,0,0,0,6,592,0.970334412,0.762690355,0.444444444,1,0.950092421,0.827823691,0.842105263,1,0.11539961
225,855,5130,608,0.711111111,4190,0.816764133,706,0.825730994,4783,0.932358674,3586,122,0,0,196,586,3,0,4,22,12,0,0,0,0,6,593,0.967098166,0.746496815,0.315789474,1,0.947173798,0.802739726,0.8,1,0.115594542
230,855,5130,619,0.723976608,4223,0.823196881,718,0.839766082,4817,0.938986355,3593,99,0,0,185,608,2,0,8,19,16,0,0,0,0,6,594,0.973185265,0.764779874,0.372093023,1,0.949022715,0.837465565,0.888888889,1,0.115789474
235,855,5130,619,0.723976608,4230,0.824561404,718,0.839766082,4825,0.940545809,3601,104,0,0,169,609,3,0,6,23,14,0,0,0,0,6,595,0.971929825,0.779769526,0.325581395,1,0.953654661,0.827445652,0.823529412,1,0.115984405
240,855,5130,618,0.722807018,4234,0.825341131,717,0.838596491,4830,0.941520468,3605,90,4,0,178,605,7,0,6,15,18,0,0,0,0,6,596,0.974587726,0.765822785,0.461538462,1,0.951438374,0.852112676,0.620689655,1,0.116179337
245,855,5130,614,0.718128655,4186,0.815984405,713,0.833918129,4782,0.932163743,3551,159,0,0,166,613,3,0,4,16,16,0,0,0,0,6,596,0.957142857,0.783887468,0.444444444,1,0.954313357,0.777918782,0.842105263,1,0.116179337
250,855,5130,626,0.732163743,4259,0.830214425,725,0.847953216,4855,0.946393762,3633,83,0,0,173,600,7,0,3,9,20,0,0,0,0,6,596,0.977664155,0.769230769,0.625,1,0.953793647,0.867052023,0.740740741,1,0.116179337
255,855,5130,629,0.735672515,4277,0.833723197,727,0.850292398,4872,0.949707602,3636,74,8,1,168,610,2,0,0,5,25,0,0,0,0,6,595,0.977682173,0.782051282,0.833333333,1,0.955835962,0.885341074,0.714285714,0.857142857,0.115984405
300,855,5130,619,0.723976608,4249,0.828265107,674,0.788304094,4800,0.935672515,3626,80,12,42,176,599,8,3,3,6,18,0,0,0,0,6,551,0.964361702,0.762086514,0.666666667,1,0.952956636,0.874452555,0.473684211,0.117647059,0.107407407
305,855,5130,613,0.716959064,4238,0.826120858,667,0.780116959,4744,0.924756335,3610,106,0,87,171,605,5,7,3,7,17,0,0,0,0,6,506,0.949250592,0.767766497,0.62962963,1,0.954016913,0.842618384,0.772727273,0.06,0.098635478
310,855,5130,616,0.720467836,4251,0.828654971,666,0.778947368,4709,0.917933723,3627,98,0,132,166,599,6,10,4,5,19,0,0,0,0,6,458,0.940368162,0.766965429,0.678571429,1,0.955227811,0.853276353,0.76,0.040540541,0.089278752
315,855,5130,617,0.721637427,4258,0.830019493,667,0.780116959,4668,0.90994152,3640,100,0,175,162,597,5,9,4,7,15,0,0,0,0,6,410,0.929757344,0.772315653,0.576923077,1,0.956384656,0.848011364,0.75,0.031578947,0.079922027
320,855,5130,621,0.726315789,4274,0.833138402,671,0.784795322,4636,0.903703704,3651,87,0,222,158,603,4,10,6,7,14,0,0,0,0,6,362,0.921969697,0.778064516,0.518518519,1,0.957011796,0.865136298,0.777777778,0.025210084,0.070565302
325,855,5130,623,0.728654971,4271,0.832553606,673,0.787134503,4586,0.893957115,3643,107,0,262,143,608,8,11,3,10,14,0,0,0,0,6,315,0.908025922,0.78961039,0.518518519,1,0.961467406,0.83862069,0.636363636,0.021505376,0.061403509
330,855,5130,626,0.732163743,4328,0.843664717,677,0.791812865,4641,0.904678363,3736,275,0,26,173,572,0,0,1,14,14,0,0,0,0,6,313,0.925439683,0.767785235,0.482758621,1,0.955498721,0.664343786,1,0.1875,0.061013645
335,855,5130,636,0.743859649,4432,0.863937622,689,0.805847953,4742,0.924366472,3827,191,0,27,149,585,6,0,3,12,14,0,0,0,0,6,310,0.946106304,0.790540541,0.482758621,1,0.961799447,0.742385787,0.7,0.181818182,0.06042885
340,855,5130,675,0.789473684,4499,0.876998051,727,0.850292398,4809,0.937426901,3917,127,1,9,160,559,11,0,0,13,17,0,0,0,0,6,310,0.966206216,0.765753425,0.566666667,1,0.960755457,0.799713877,0.586206897,0.4,0.06042885
345,855,5130,681,0.796491228,4551,0.887134503,733,0.857309942,4861,0.947563353,3947,117,0,3,126,583,5,0,3,15,15,0,0,0,0,6,310,0.970494222,0.816526611,0.454545455,1,0.968351325,0.815384615,0.75,0.666666667,0.06042885
350,855,5130,690,0.807017544,4550,0.886939571,742,0.867836257,4862,0.947758285,3962,103,2,4,136,567,6,0,3,14,15,0,0,0,0,6,312,0.973225252,0.799717913,0.46875,1,0.966105828,0.828947368,0.652173913,0.6,0.060818713
355,855,5130,696,0.814035088,4549,0.886744639,749,0.876023392,4861,0.947563353,3974,99,0,2,149,551,1,1,5,12,18,0,0,0,0,6,312,0.975214724,0.784900285,0.514285714,1,0.962693798,0.832326284,0.947368421,0.666666667,0.060818713
400,855,5130,687,0.803508772,4535,0.884015595,738,0.863157895,4848,0.94502924,3962,107,0,7,148,553,3,1,5,11,14,0,0,0,0,6,313,0.972031403,0.784397163,0.466666667,1,0.962818955,0.82414307,0.823529412,0.428571429,0.061013645
405,855,5130,685,0.801169591,4544,0.885769981,737,0.861988304,4858,0.946978558,3981,98,0,5,148,543,4,1,2,14,14,0,0,0,0,6,314,0.974779628,0.780172414,0.466666667,1,0.963689179,0.829007634,0.777777778,0.5,0.061208577
410,855,5130,682,0.797660819,4559,0.888693957,734,0.858479532,4874,0.950097466,3999,86,0,6,148,536,7,0,4,4,18,0,1,0,0,6,315,0.977511611,0.77568741,0.692307692,0.857142857,0.963150289,0.856230032,0.72,0.5,0.061403509
415,855,5130,681,0.796491228,4525,0.882066277,732,0.856140351,4842,0.943859649,3969,121,0,4,149,532,7,0,0,5,18,0,2,0,0,6,317,0.969467513,0.773255814,0.782608696,0.75,0.963349515,0.808510638,0.72,0.6,0.061793372
420,855,5130,683,0.798830409,4515,0.880116959,734,0.858479532,4832,0.941910331,3965,129,0,12,136,531,5,4,0,9,13,0,3,0,0,6,317,0.96566001,0.785502959,0.590909091,0.666666667,0.966130604,0.793721973,0.722222222,0.272727273,0.061793372
425,855,5130,689,0.805847953,4541,0.885185185,742,0.867836257,4860,0.947368421,4010,103,1,6,144,512,9,0,0,3,13,0,4,0,0,6,319,0.973300971,0.769924812,0.8125,0.6,0.964405964,0.828478964,0.565217391,0.5,0.062183236
430,855,5130,703,0.822222222,4561,0.889083821,756,0.884210526,4879,0.951072125,4046,90,0,4,144,497,2,2,0,4,12,0,5,0,0,6,318,0.977294686,0.770542636,0.75,0.545454545,0.964481526,0.840947547,0.857142857,0.5,0.061988304
435,855,5130,707,0.826900585,4602,0.897076023,760,0.888888889,4920,0.959064327,4071,83,0,0,110,512,8,0,0,3,13,0,6,0,0,6,318,0.980019259,0.812698413,0.8125,0.5,0.972295199,0.856187291,0.619047619,1,0.061988304
440,855,5130,704,0.823391813,4589,0.89454191,756,0.884210526,4907,0.956530214,4070,90,0,1,122,498,4,0,0,3,12,0,0,2,1,9,318,0.978130257,0.798076923,0.8,0.75,0.970896947,0.839797639,0.705882353,0.9,0.061988304
445,855,5130,710,0.830409357,4596,0.895906433,763,0.892397661,4913,0.957699805,4087,85,0,2,124,488,0,0,0,3,12,0,0,2,1,9,317,0.979156684,0.797385621,0.8,0.75,0.970553313,0.844290657,0.923076923,0.818181818,0.061793372
450,855,5130,702,0.821052632,4563,0.889473684,754,0.881871345,4878,0.950877193,4058,127,0,3,112,483,4,1,0,1,14,0,0,0,4,8,315,0.96895893,0.805,0.933333333,0.666666667,0.973141487,0.790507365,0.636363636,0.666666667,0.061403509
455,855,5130,710,0.830409357,4601,0.896881092,761,0.89005848,4914,0.957894737,4085,103,0,4,99,496,0,2,0,4,12,0,0,0,4,8,313,0.974475191,0.830820771,0.75,0.666666667,0.976338432,0.822553897,0.75,0.571428571,0.061013645
500,855,5130,703,0.822222222,4568,0.890448343,752,0.879532164,4877,0.950682261,4063,128,0,7,107,484,0,3,0,5,12,0,0,2,1,9,309,0.967841829,0.814814815,0.705882353,0.75,0.974340528,0.7819063,0.923076923,0.473684211,0.060233918
505,855,5130,698,0.816374269,4572,0.89122807,747,0.873684211,4877,0.950682261,4067,132,0,10,98,485,1,4,0,3,13,0,0,0,5,7,305,0.96626277,0.824829932,0.8125,0.583333333,0.976470588,0.782258065,0.684210526,0.333333333,0.059454191
510,855,5130,705,0.824561404,4568,0.890448343,754,0.881871345,4869,0.949122807,4055,147,1,11,81,494,5,6,0,6,12,0,0,0,4,7,301,0.962268628,0.843003413,0.666666667,0.636363636,0.980415861,0.763523957,0.545454545,0.291666667,0.058674464
515,855,5130,704,0.823391813,4590,0.894736842,753,0.880701754,4888,0.952826511,4081,124,2,8,91,484,6,6,0,2,18,0,0,0,3,7,298,0.968208778,0.824531516,0.9,0.7,0.978187919,0.793442623,0.620689655,0.333333333,0.058089669
520,855,5130,696,0.814035088,4583,0.89337232,745,0.871345029,4879,0.951072125,4078,125,3,10,102,480,4,0,0,5,18,0,0,0,2,7,296,0.967267552,0.819112628,0.782608696,0.777777778,0.975598086,0.786885246,0.666666667,0.411764706,0.057699805
525,855,5130,698,0.816374269,4562,0.889278752,747,0.873684211,4856,0.946588694,4066,129,4,12,121,469,3,0,0,5,19,0,0,0,0,8,294,0.965566374,0.790893761,0.791666667,1,0.971101027,0.777777778,0.730769231,0.4,0.057309942
530,855,5130,697,0.815204678,4586,0.893957115,746,0.87251462,4880,0.951267057,4064,111,8,1,108,496,13,0,0,9,19,0,0,0,0,7,294,0.971319312,0.803889789,0.678571429,1,0.974113135,0.805194805,0.475,0.875,0.057309942
535,855,5130,685,0.801169591,4581,0.892982456,734,0.858479532,4875,0.950292398,4045,94,4,2,135,505,9,0,0,11,25,0,0,0,0,6,294,0.975874548,0.778120185,0.694444444,1,0.967703349,0.827868852,0.657894737,0.75,0.057309942
540,855,5130,688,0.804678363,4550,0.886939571,737,0.861988304,4844,0.944249513,3997,113,1,0,148,518,7,0,3,14,29,0,0,0,0,6,294,0.972269521,0.769687964,0.630434783,1,0.963596914,0.803100775,0.783783784,1,0.057309942
545,855,5130,670,0.783625731,4519,0.880896686,719,0.840935673,4813,0.938206628,3966,97,0,0,161,514,25,0,13,20,33,0,1,0,0,6,294,0.976126015,0.734285714,0.5,0.857142857,0.957739676,0.814580032,0.568965517,1,0.057309942
550,855,5130,672,0.785964912,4511,0.879337232,721,0.843274854,4805,0.936647173,3931,83,0,0,178,532,15,0,19,28,42,0,2,0,0,6,294,0.979322372,0.733793103,0.471910112,0.75,0.951815981,0.827371695,0.736842105,1,0.057309942
555,855,5130,666,0.778947368,4488,0.874853801,715,0.83625731,4782,0.932163743,3898,67,0,0,202,538,3,0,19,53,46,0,4,0,0,6,294,0.983102144,0.724091521,0.389830508,0.6,0.945428086,0.817629179,0.93877551,1,0.057309942
600,855,5130,671,0.784795322,4479,0.873099415,721,0.843274854,4774,0.930604288,3829,99,2,0,163,589,4,0,37,46,55,0,4,0,1,6,295,0.974300254,0.779100529,0.398550725,0.545454545,0.949417307,0.802452316,0.887096774,1,0.057504873
605,855,5130,663,0.775438596,4447,0.866861598,712,0.832748538,4742,0.924366472,3803,103,2,0,187,564,11,0,38,40,74,0,4,1,2,6,295,0.973132037,0.74015748,0.486842105,0.461538462,0.943204365,0.796610169,0.831460674,1,0.057504873
610,855,5130,667,0.780116959,4458,0.869005848,717,0.838596491,4753,0.926510721,3793,98,0,0,175,576,13,0,17,65,81,1,5,2,1,8,295,0.974813673,0.753926702,0.493902439,0.5,0.950626566,0.777327935,0.852631579,0.888888889,0.057504873
615,855,5130,662,0.774269006,4511,0.879337232,710,0.830409357,4804,0.936452242,3749,121,6,2,120,620,28,3,3,32,134,2,4,3,2,8,293,0.966735431,0.804150454,0.783625731,0.470588235,0.967234262,0.798969072,0.788235294,0.533333333,0.05711501
620,855,5130,644,0.753216374,4442,0.86588694,692,0.809356725,4733,0.922612086,3713,147,4,4,122,595,64,0,6,38,126,1,5,0,6,8,291,0.959927611,0.76184379,0.736842105,0.421052632,0.965418617,0.762820513,0.63,0.615384615,0.056725146
625,855,5130,644,0.753216374,4432,0.863937622,692,0.809356725,4721,0.920272904,3695,135,7,10,149,589,62,2,1,30,140,2,4,1,6,8,289,0.960488692,0.734413965,0.809248555,0.421052632,0.959989608,0.78013245,0.651162791,0.363636364,0.056335283
630,855,5130,638,0.74619883,4405,0.858674464,685,0.801169591,4691,0.914424951,3652,127,14,12,183,600,49,2,17,19,147,0,6,0,10,6,286,0.95978975,0.71942446,0.803278689,0.272727273,0.946604458,0.804289544,0.668181818,0.3,0.055750487
635,855,5130,623,0.728654971,4361,0.850097466,670,0.783625731,4645,0.90545809,3602,131,5,18,225,598,32,2,19,38,152,2,5,3,5,9,284,0.958998935,0.697782964,0.720379147,0.409090909,0.93534147,0.776623377,0.783505155,0.290322581,0.055360624
640,855,5130,597,0.698245614,4306,0.839376218,644,0.753216374,4588,0.894346979,3519,143,5,22,232,622,34,4,41,45,156,4,1,1,10,9,282,0.953917051,0.697309417,0.634146341,0.428571429,0.927761666,0.766954377,0.76097561,0.230769231,0.05497076
645,855,5130,567,0.663157895,4278,0.833918129,614,0.718128655,4560,0.888888889,3471,139,1,0,283,621,39,0,41,56,168,4,2,3,2,18,282,0.961229576,0.658536585,0.624535316,0.72,0.914142744,0.758241758,0.8,0.818181818,0.05497076
650,855,5130,566,0.661988304,4208,0.820272904,613,0.716959064,4490,0.875243665,3406,99,3,0,344,603,45,0,65,74,185,0,2,2,6,14,282,0.970923603,0.607862903,0.570987654,0.583333333,0.892323815,0.775064267,0.774058577,1,0.05497076
655,855,5130,566,0.661988304,4167,0.812280702,613,0.716959064,4449,0.867251462,3302,122,2,0,312,659,47,0,88,97,193,2,2,4,5,13,282,0.963806188,0.647347741,0.507894737,0.541666667,0.891468683,0.747165533,0.781376518,0.866666667,0.05497076
700,855,5130,549,0.642105263,4132,0.80545809,596,0.697076023,4414,0.86042885,3211,152,2,0,309,676,40,3,81,114,230,5,3,4,3,15,282,0.95423477,0.657587549,0.534883721,0.6,0.890954495,0.714587738,0.836363636,0.652173913,0.05497076
705,855,5130,563,0.658479532,4117,0.802534113,610,0.713450292,4399,0.857504873,3161,149,3,0,343,651,66,0,63,93,292,3,0,2,9,13,282,0.954120133,0.614150943,0.647450111,0.541666667,0.886178862,0.727374302,0.789189189,0.8125,0.05497076
710,855,5130,570,0.666666667,4154,0.809746589,618,0.722807018,4437,0.864912281,3128,154,7,0,312,706,61,0,36,107,308,6,0,4,6,12,283,0.951048951,0.654309546,0.673960613,0.545454545,0.899884925,0.727085479,0.806282723,0.666666667,0.055165692
715,855,5130,572,0.669005848,4158,0.810526316,620,0.725146199,4442,0.86588694,3161,129,10,0,327,662,79,0,42,87,325,8,0,2,4,10,284,0.957878788,0.619850187,0.703463203,0.625,0.895467422,0.752272727,0.777511962,0.555555556,0.055360624
720,855,5130,562,0.657309942,4202,0.819103314,610,0.713450292,4487,0.874658869,3139,170,29,0,194,754,119,0,24,93,300,9,0,2,3,9,285,0.940383463,0.706654171,0.704225352,0.642857143,0.935061066,0.739941119,0.66518847,0.5,0.055555556
725,855,5130,577,0.674853801,4244,0.827290448,625,0.730994152,4530,0.883040936,3154,202,34,0,167,783,105,1,15,63,298,9,0,2,2,9,286,0.930383481,0.741477273,0.774025974,0.692307692,0.945443645,0.745714286,0.67881549,0.473684211,0.055750487
730,855,5130,571,0.667836257,4167,0.812280702,619,0.723976608,4454,0.868226121,3207,207,40,0,212,677,143,0,8,54,274,9,0,0,3,9,287,0.928488709,0.656007752,0.794202899,0.75,0.93580391,0.721748401,0.595652174,0.5,0.055945419
735,855,5130,580,0.678362573,4232,0.824951267,628,0.734502924,4520,0.881091618,3230,250,33,0,187,745,67,0,22,38,249,10,0,0,3,8,288,0.919442072,0.745745746,0.780564263,0.727272727,0.939226519,0.721200387,0.707386364,0.444444444,0.056140351
740,855,5130,606,0.70877193,4254,0.829239766,654,0.764912281,4542,0.885380117,3306,230,22,0,189,719,67,0,35,39,223,0,0,0,6,6,288,0.929173693,0.737435897,0.750841751,0.5,0.936543909,0.727732794,0.701257862,1,0.056140351
745,855,5130,630,0.736842105,4359,0.849707602,678,0.792982456,4647,0.905847953,3397,178,22,0,165,743,44,0,16,51,212,2,0,1,4,7,288,0.94439811,0.780462185,0.754448399,0.583333333,0.94941308,0.763617677,0.75177305,0.777777778,0.056140351
750,855,5130,637,0.74502924,4434,0.864327485,685,0.801169591,4722,0.920467836,3505,116,5,0,174,730,27,0,18,53,193,3,3,0,9,6,288,0.966629895,0.784103115,0.722846442,0.333333333,0.947297297,0.812013348,0.824786325,0.666666667,0.056140351
755,855,5130,605,0.707602339,4382,0.854191033,663,0.775438596,4680,0.912280702,3434,171,8,0,160,747,29,0,7,62,195,1,1,0,11,6,298,0.950456684,0.798076923,0.735849057,0.333333333,0.953359245,0.762244898,0.802469136,0.857142857,0.058089669
800,855,5130,615,0.719298246,4416,0.860818713,674,0.788304094,4725,0.921052632,3470,112,5,0,182,744,34,0,8,43,196,12,0,0,9,6,309,0.967382214,0.775,0.756756757,0.4,0.948087432,0.827586207,0.803278689,0.333333333,0.060233918
805,855,5130,594,0.694736842,4326,0.843274854,653,0.76374269,4635,0.903508772,3467,99,14,0,229,705,44,0,19,81,148,0,0,0,9,6,309,0.968435754,0.720858896,0.596774194,0.4,0.933243607,0.796610169,0.688372093,1,0.060233918
810,855,5130,596,0.697076023,4310,0.840155945,654,0.764912281,4618,0.900194932,3464,125,10,1,238,700,33,0,32,65,140,0,0,0,8,6,308,0.962222222,0.720906282,0.5907173,0.428571429,0.927691484,0.786516854,0.732984293,0.857142857,0.060038986
815,855,5130,600,0.701754386,4273,0.83294347,657,0.768421053,4580,0.892787524,3468,137,11,2,248,688,37,0,33,74,111,0,0,0,8,6,307,0.95854063,0.70709147,0.509174312,0.428571429,0.925046679,0.765294772,0.664670659,0.75,0.059844055
820,855,5130,602,0.704093567,4280,0.834307992,659,0.770760234,4586,0.893957115,3466,165,24,3,211,696,43,0,20,76,112,0,0,0,2,6,306,0.947512302,0.732631579,0.538461538,0.75,0.937516906,0.742796158,0.61878453,0.666666667,0.059649123
825,855,5130,611,0.714619883,4292,0.836647173,658,0.769590643,4587,0.894152047,3464,203,8,54,169,719,35,0,19,54,103,0,0,0,1,6,295,0.928935371,0.778981582,0.585227273,0.857142857,0.948521358,0.736680328,0.700680272,0.1,0.057504873
830,855,5130,616,0.720467836,4281,0.834502924,663,0.775438596,4564,0.889668616,3501,228,14,68,159,677,35,8,3,50,97,1,0,0,0,6,283,0.918656521,0.770193402,0.642384106,1,0.955773956,0.708900524,0.664383562,0.072289157,0.055165692
835,855,5130,642,0.750877193,4389,0.855555556,689,0.805847953,4671,0.910526316,3598,226,29,6,135,691,30,0,4,29,94,0,0,0,0,6,282,0.932365898,0.807242991,0.74015748,1,0.962804389,0.730443975,0.614379085,0.5,0.05497076
840,855,5130,646,0.755555556,4373,0.852436647,693,0.810526316,4655,0.907407407,3660,213,14,0,183,626,45,0,10,10,81,0,0,0,0,6,282,0.941600206,0.733021077,0.801980198,1,0.949909162,0.737338045,0.578571429,1,0.05497076
845,855,5130,680,0.795321637,4488,0.874853801,727,0.850292398,4770,0.929824561,3742,148,17,0,160,671,19,0,4,12,69,0,0,0,0,6,282,0.957768109,0.789411765,0.811764706,1,0.958013313,0.80746089,0.657142857,1,0.05497076
850,855,5130,680,0.795321637,4520,0.881091618,727,0.850292398,4802,0.936062378,3802,91,8,0,184,656,31,0,2,12,56,0,0,0,0,6,282,0.974621892,0.75315729,0.8,1,0.95336008,0.864295125,0.589473684,1,0.05497076
855,855,5130,688,0.804678363,4570,0.890838207,735,0.859649123,4852,0.945808967,3831,55,0,0,189,685,16,0,5,13,48,0,0,0,0,6,282,0.985846629,0.769662921,0.727272727,1,0.951801242,0.909694555,0.75,1,0.05497076
900,855,5130,687,0.803508772,4555,0.88791423,734,0.858479532,4837,0.94288499,3790,67,0,0,183,709,21,0,8,14,50,0,0,0,0,6,282,0.982628986,0.776560789,0.694444444,1,0.952022105,0.897468354,0.704225352,1,0.05497076
905,855,5130,683,0.798830409,4544,0.885769981,730,0.85380117,4826,0.940740741,3782,54,0,0,188,716,25,0,24,13,40,0,0,0,0,6,282,0.985922836,0.770721206,0.519480519,1,0.946920381,0.914431673,0.615384615,1,0.05497076
910,855,5130,687,0.803508772,4555,0.88791423,734,0.858479532,4837,0.94288499,3766,54,0,0,177,754,8,0,26,28,29,0,0,0,0,6,282,0.985863874,0.802981896,0.34939759,1,0.948853616,0.901913876,0.783783784,1,0.05497076
915,855,5130,686,0.802339181,4521,0.88128655,733,0.857309942,4803,0.93625731,3738,66,0,0,198,742,9,0,28,25,35,0,0,1,0,6,282,0.982649842,0.781875659,0.397727273,0.857142857,0.942986882,0.889688249,0.795454545,1,0.05497076
920,855,5130,681,0.796491228,4484,0.874074074,728,0.851461988,4766,0.929044834,3717,62,0,0,218,736,4,0,43,36,25,0,0,0,1,6,282,0.983593543,0.768267223,0.240384615,0.857142857,0.93438914,0.882494005,0.833333333,1,0.05497076
925,855,5130,675,0.789473684,4493,0.87582846,722,0.844444444,4775,0.93079922,3702,57,0,0,223,736,8,0,15,51,49,0,0,1,0,6,282,0.984836393,0.761116856,0.426086957,0.857142857,0.939593909,0.871005917,0.859649123,1,0.05497076
930,855,5130,672,0.785964912,4515,0.880116959,719,0.840935673,4797,0.935087719,3688,61,4,0,172,773,23,0,21,51,48,0,0,0,1,6,282,0.982680522,0.798553719,0.4,0.857142857,0.950270549,0.873446328,0.631578947,1,0.05497076
935,855,5130,672,0.785964912,4481,0.873489279,719,0.840935673,4763,0.928460039,3645,97,4,0,160,786,17,0,31,56,44,0,0,1,1,6,282,0.973037907,0.816199377,0.335877863,0.75,0.950208551,0.836170213,0.666666667,1,0.05497076
940,855,5130,675,0.789473684,4490,0.875243665,722,0.844444444,4772,0.930214425,3658,76,0,0,175,771,19,0,34,52,55,0,0,1,1,6,282,0.979646492,0.798963731,0.390070922,0.75,0.945952935,0.856666667,0.733333333,1,0.05497076
945,855,5130,675,0.789473684,4497,0.876608187,722,0.844444444,4779,0.931578947,3653,76,0,0,166,770,25,0,25,58,68,0,0,0,1,6,282,0.979619201,0.801248699,0.450331126,0.857142857,0.950312175,0.851769912,0.723404255,1,0.05497076
950,855,5130,679,0.794152047,4535,0.884015595,726,0.849122807,4817,0.938986355,3643,77,0,0,149,784,34,0,20,30,102,0,1,0,2,6,282,0.979301075,0.810754912,0.671052632,0.666666667,0.955415683,0.879910213,0.739130435,1,0.05497076
955,855,5130,662,0.774269006,4496,0.876413255,709,0.829239766,4778,0.931384016,3628,92,0,0,144,776,32,0,34,46,86,0,0,0,4,6,282,0.975268817,0.81512605,0.518072289,0.6,0.953231739,0.849015317,0.704918033,1,0.05497076
1000,855,5130,603,0.705263158,4386,0.85497076,650,0.760233918,4668,0.90994152,3503,202,1,0,156,775,36,0,16,45,102,0,0,0,6,6,282,0.945223961,0.801447777,0.625766871,0.5,0.953197279,0.758317025,0.703448276,1,0.05497076
1005,855,5130,483,0.564912281,4156,0.810136452,530,0.619883041,4438,0.865107212,3276,425,4,0,136,787,44,0,33,44,86,2,0,0,4,7,282,0.884210526,0.813857291,0.521212121,0.636363636,0.950943396,0.626592357,0.623188406,0.777777778,0.05497076
1010,855,5130,434,0.507602339,4019,0.783430799,481,0.562573099,4301,0.838401559,3100,596,0,0,134,811,23,0,19,52,102,0,0,0,5,6,282,0.838744589,0.837809917,0.589595376,0.545454545,0.952966492,0.555860178,0.784615385,1,0.05497076
1015,855,5130,434,0.507602339,3826,0.745808967,481,0.562573099,4108,0.800779727,2941,757,1,0,153,785,24,0,10,72,94,0,0,0,5,6,282,0.795079751,0.816008316,0.534090909,0.545454545,0.947487113,0.486369269,0.758064516,1,0.05497076
1020,855,5130,431,0.504093567,3738,0.728654971,478,0.559064327,4020,0.783625731,2830,876,2,0,111,799,43,0,7,67,102,2,0,1,1,7,282,0.763214671,0.838405037,0.573033708,0.777777778,0.959972863,0.458405049,0.689189189,0.777777778,0.05497076
1025,855,5130,426,0.498245614,3716,0.724366472,472,0.552046784,3997,0.7791423,2797,911,17,0,127,781,42,1,3,29,131,2,0,0,1,7,281,0.750872483,0.821240799,0.793939394,0.875,0.955585924,0.453805927,0.685863874,0.7,0.054775828
1030,855,5130,421,0.492397661,3729,0.726900585,467,0.54619883,4009,0.781481481,2812,930,1,0,124,793,17,2,11,33,118,3,0,0,0,6,280,0.751269036,0.847222222,0.715151515,1,0.954190702,0.451594533,0.867647059,0.545454545,0.054580897
1035,855,5130,499,0.583625731,4099,0.799025341,545,0.637426901,4378,0.853411306,3168,576,13,0,98,800,32,3,0,29,125,0,0,0,1,6,279,0.843225978,0.857449089,0.811688312,0.857142857,0.969993876,0.569395018,0.730994152,0.666666667,0.054385965
1040,855,5130,456,0.533333333,4081,0.795516569,548,0.640935673,4407,0.859064327,3208,493,12,0,129,748,61,4,2,20,119,0,0,0,2,6,326,0.863991382,0.794055202,0.843971631,0.75,0.960766697,0.593180016,0.613402062,0.6,0.063547758
1045,855,5130,460,0.538011696,4012,0.782066277,552,0.645614035,4385,0.854775828,3173,461,8,0,162,741,62,5,11,34,92,0,0,0,2,6,373,0.871224602,0.763917526,0.671532847,0.75,0.948296473,0.599514563,0.56097561,0.545454545,0.072709552
1050,855,5130,593,0.693567251,4297,0.837621832,696,0.814035088,4728,0.921637427,3471,98,6,0,184,729,60,6,15,31,91,0,0,0,2,6,431,0.970909091,0.744637385,0.664233577,0.75,0.945776567,0.84965035,0.572327044,0.5,0.084015595
1055,855,5130,592,0.692397661,4245,0.82748538,696,0.814035088,4736,0.923196881,3411,80,0,0,201,751,44,0,21,44,77,0,2,0,2,6,491,0.97708393,0.754016064,0.542253521,0.6,0.938376891,0.858285714,0.62601626,1,0.095711501
1100,855,5130,591,0.69122807,4168,0.812475634,695,0.812865497,4718,0.919688109,3328,76,0,1,206,755,53,0,38,34,79,0,2,0,2,6,550,0.977386197,0.744575937,0.523178808,0.6,0.931169558,0.87283237,0.589552239,0.857142857,0.107212476
1105,855,5130,584,0.683040936,4053,0.79005848,688,0.804678363,4662,0.90877193,3237,74,3,2,228,733,68,3,33,53,76,2,2,0,0,7,609,0.976176116,0.710271318,0.463414634,0.777777778,0.924857143,0.852325581,0.517006803,0.5,0.11871345
1110,855,5130,578,0.676023392,4082,0.795711501,683,0.798830409,4696,0.91539961,3238,51,0,3,221,769,43,2,40,71,69,1,0,0,2,6,614,0.983596598,0.742995169,0.38121547,0.75,0.925407259,0.863075196,0.605263158,0.5,0.119688109
1115,855,5130,587,0.686549708,4071,0.793567251,691,0.808187135,4690,0.914230019,3180,92,0,4,197,800,35,0,39,71,85,0,0,0,2,6,619,0.970695971,0.775193798,0.435897436,0.75,0.930913349,0.830737279,0.696721311,0.6,0.120662768
1120,855,5130,590,0.69005848,4081,0.795516569,687,0.803508772,4692,0.914619883,3167,93,0,25,163,828,32,4,26,83,80,10,0,0,2,6,611,0.964079148,0.806231743,0.40201005,0.75,0.943682956,0.824701195,0.701754386,0.133333333,0.119103314
1125,855,5130,587,0.686549708,4059,0.79122807,684,0.8,4663,0.908966862,3131,105,10,32,196,804,33,0,14,77,118,0,0,0,0,6,604,0.955155583,0.778315586,0.564593301,1,0.937144567,0.815415822,0.732919255,0.157894737,0.117738791
1130,855,5130,583,0.681871345,4071,0.793567251,680,0.795321637,4675,0.911306043,3131,113,9,26,186,810,26,0,11,84,124,0,0,0,0,6,604,0.954864288,0.792563601,0.566210046,1,0.940805288,0.804369414,0.779874214,0.1875,0.117738791
1135,855,5130,589,0.688888889,4059,0.79122807,686,0.802339181,4657,0.907797271,3130,105,8,32,182,781,59,0,13,74,142,0,0,0,0,6,598,0.955725191,0.764187867,0.620087336,1,0.941353383,0.813541667,0.679425837,0.157894737,0.116569201
1140,855,5130,598,0.699415205,4136,0.806237817,701,0.819883041,4732,0.922417154,3180,86,1,4,185,805,35,0,22,63,145,0,0,1,1,6,596,0.972179762,0.785365854,0.630434783,0.75,0.938883968,0.842931937,0.796703297,0.6,0.116179337
1145,855,5130,598,0.699415205,4142,0.807407407,701,0.819883041,4738,0.923586745,3188,87,3,4,164,802,35,0,23,72,146,0,0,0,4,6,596,0.971358927,0.801198801,0.605809129,0.6,0.944592593,0.834547347,0.776595745,0.6,0.116179337
1150,855,5130,586,0.685380117,4117,0.802534113,687,0.803508772,4721,0.920272904,3191,65,1,0,180,777,41,0,36,81,143,0,1,0,4,6,604,0.979735953,0.778557114,0.55,0.545454545,0.936326291,0.841820152,0.756613757,1,0.117738791
1155,855,5130,594,0.694736842,4130,0.805068226,697,0.815204678,4732,0.922417154,3172,84,7,4,152,785,33,0,27,85,167,0,1,0,5,6,602,0.970921335,0.809278351,0.598566308,0.5,0.946300716,0.822851153,0.787735849,0.6,0.117348928
1200,855,5130,590,0.69005848,4101,0.799415205,687,0.803508772,4703,0.916764133,3146,80,7,28,144,769,47,0,24,88,180,0,0,0,9,6,602,0.964734744,0.801041667,0.616438356,0.4,0.949305975,0.820704376,0.740740741,0.176470588,0.117348928
1205,855,5130,592,0.692397661,4101,0.799415205,695,0.812865497,4709,0.917933723,3165,84,7,4,132,757,51,0,44,89,173,0,0,0,10,6,608,0.970858896,0.805319149,0.565359477,0.375,0.947321161,0.813978495,0.717842324,0.6,0.118518519
1210,855,5130,595,0.695906433,4098,0.798830409,699,0.81754386,4714,0.918908382,3167,76,2,0,138,754,38,0,24,129,165,6,0,0,3,12,616,0.97596302,0.810752688,0.509259259,0.8,0.951336738,0.786235662,0.793269231,0.666666667,0.120077973
1215,855,5130,593,0.693567251,4100,0.799220273,696,0.814035088,4722,0.920467836,3157,66,0,2,166,726,45,0,40,85,205,0,0,2,2,12,622,0.978914729,0.774813234,0.621212121,0.75,0.938745168,0.825938567,0.813492063,0.857142857,0.121247563
1220,855,5130,595,0.695906433,4095,0.798245614,692,0.809356725,4711,0.918323587,3132,74,9,14,158,731,44,0,38,76,220,0,0,0,6,12,616,0.96995974,0.783494105,0.658682635,0.666666667,0.941105769,0.829738933,0.788530466,0.461538462,0.120077973
1225,855,5130,584,0.683040936,4046,0.788693957,689,0.805847953,4664,0.909161793,3103,76,19,0,174,722,62,0,45,77,209,3,0,4,6,12,618,0.970293934,0.753653445,0.625748503,0.545454545,0.934075858,0.821387941,0.706081081,0.8,0.120467836
1230,855,5130,580,0.678362573,3986,0.776998051,679,0.794152047,4604,0.897465887,3044,93,27,12,185,715,72,0,64,63,215,0,0,6,4,12,618,0.958438287,0.735596708,0.628654971,0.545454545,0.924385059,0.815279361,0.676100629,0.5,0.120467836
1235,855,5130,576,0.673684211,3978,0.775438596,675,0.789473684,4590,0.894736842,3036,77,12,18,211,722,62,0,52,95,210,0,1,2,10,10,612,0.965956093,0.725628141,0.588235294,0.434782609,0.92,0.805803571,0.714285714,0.357142857,0.119298246
1240,855,5130,576,0.673684211,4023,0.784210526,675,0.789473684,4635,0.903508772,3033,60,5,18,207,767,37,0,64,93,211,0,1,0,10,12,612,0.973363286,0.758654797,0.573369565,0.52173913,0.917700454,0.833695652,0.802281369,0.4,0.119298246
1245,855,5130,569,0.665497076,3993,0.778362573,668,0.78128655,4599,0.896491228,3012,51,0,24,220,769,45,0,70,110,200,2,0,0,9,12,606,0.975704568,0.743713733,0.523560209,0.571428571,0.91217444,0.82688172,0.787401575,0.315789474,0.118128655
1250,855,5130,568,0.664327485,4023,0.784210526,673,0.787134503,4635,0.903508772,3006,45,1,0,219,787,40,0,78,97,218,6,0,2,7,12,612,0.984927916,0.752390057,0.546365915,0.571428571,0.910081744,0.845327605,0.819548872,0.666666667,0.119298246
1255,855,5130,570,0.666666667,4015,0.782651072,675,0.789473684,4633,0.903118908,2987,50,4,0,200,789,53,0,69,109,227,2,3,2,5,12,618,0.982242683,0.757197697,0.557739558,0.545454545,0.916538816,0.830526316,0.785467128,0.857142857,0.120467836
1300,855,5130,567,0.663157895,3990,0.777777778,664,0.776608187,4600,0.89668616,2965,53,2,20,202,750,93,0,72,75,263,2,0,1,10,12,610,0.975328947,0.717703349,0.638349515,0.52173913,0.91540599,0.853242321,0.714673913,0.352941176,0.118908382
1305,855,5130,562,0.657309942,3994,0.778557505,665,0.777777778,4602,0.897076023,2957,76,6,4,173,787,82,0,48,127,238,1,0,0,11,12,608,0.971738416,0.755278311,0.574879227,0.52173913,0.930459408,0.794949495,0.706231454,0.705882353,0.118518519
1310,855,5130,569,0.665497076,4030,0.785575049,666,0.778947368,4638,0.904093567,2940,86,6,22,159,817,52,0,42,111,263,0,0,0,14,10,608,0.962671906,0.794747082,0.632211538,0.416666667,0.936007641,0.805719921,0.785074627,0.3125,0.118518519
1315,855,5130,565,0.660818713,4019,0.783430799,668,0.78128655,4633,0.903118908,2957,89,10,4,171,779,68,0,28,113,271,0,0,0,14,12,614,0.966339869,0.765225933,0.65776699,0.461538462,0.936945501,0.794087666,0.746556474,0.75,0.119688109
1320,855,5130,573,0.670175439,4041,0.787719298,670,0.783625731,4649,0.906237817,2968,83,2,22,170,773,75,0,33,82,288,0,0,0,14,12,608,0.965203252,0.759332024,0.714640199,0.461538462,0.93598234,0.824093817,0.759894459,0.352941176,0.118518519
1325,855,5130,567,0.663157895,4001,0.779922027,661,0.773099415,4598,0.896296296,2955,85,6,32,196,738,94,1,47,59,290,7,1,0,4,18,597,0.960038986,0.717201166,0.719602978,0.782608696,0.923726164,0.836734694,0.736040609,0.310344828,0.116374269
1330,855,5130,559,0.65380117,4073,0.793957115,659,0.770760234,4619,0.900389864,2995,95,7,4,200,755,90,2,44,61,305,3,3,0,2,18,546,0.965817478,0.721107927,0.738498789,0.782608696,0.923812461,0.828759605,0.754950495,0.666666667,0.106432749
1335,855,5130,553,0.646783626,4115,0.80214425,653,0.76374269,4610,0.898635478,3026,107,4,6,183,770,92,3,56,63,301,0,4,0,2,18,495,0.962774419,0.734732824,0.716666667,0.75,0.925665341,0.819148936,0.754385965,0.666666667,0.096491228
1340,855,5130,549,0.642105263,4144,0.807797271,639,0.747368421,4580,0.892787524,3051,87,0,47,230,749,61,3,47,57,326,6,8,2,2,18,436,0.957927786,0.718120805,0.747706422,0.6,0.914568345,0.836871508,0.838046272,0.243243243,0.084990253
1345,855,5130,545,0.637426901,4160,0.810916179,634,0.741520468,4537,0.884405458,3071,93,4,57,204,742,85,4,53,72,330,3,11,3,4,17,377,0.952248062,0.716908213,0.720524017,0.485714286,0.919736448,0.815384615,0.780141844,0.209876543,0.073489279
1350,855,5130,531,0.621052632,4166,0.81208577,618,0.722807018,4490,0.875243665,3098,98,7,25,258,719,61,5,52,103,331,6,17,3,5,18,324,0.959727385,0.689357622,0.672764228,0.418604651,0.904525547,0.778981582,0.819306931,0.333333333,0.063157895
1355,855,5130,587,0.686549708,4190,0.816764133,633,0.740350877,4466,0.870565302,3114,103,25,0,273,702,64,0,53,118,346,5,15,5,3,28,276,0.960518199,0.675649663,0.662835249,0.549019608,0.90130246,0.756465517,0.789954338,0.848484848,0.05380117
1400,855,5130,538,0.629239766,4047,0.788888889,584,0.683040936,4323,0.842690058,2907,316,8,0,235,718,64,0,51,97,392,3,14,5,14,30,276,0.899721448,0.705998033,0.721915285,0.476190476,0.90645463,0.632042254,0.820083682,0.909090909,0.05380117
1405,855,5130,533,0.623391813,4033,0.786159844,579,0.677192982,4309,0.839961014,2904,288,7,0,257,711,49,0,41,136,388,1,4,3,35,30,276,0.907783682,0.699115044,0.685512367,0.416666667,0.905801622,0.624780316,0.810020877,0.967741935,0.05380117
1410,855,5130,532,0.622222222,4001,0.779922027,578,0.676023392,4277,0.833723197,2858,301,11,0,272,696,72,0,48,114,396,6,7,1,21,51,276,0.901577287,0.669230769,0.70212766,0.6375,0.89733124,0.625899281,0.792,0.894736842,0.05380117
1415,855,5130,540,0.631578947,4022,0.784015595,586,0.685380117,4298,0.837816764,2850,283,5,0,300,703,70,0,37,100,418,3,9,2,23,51,276,0.908221797,0.655172414,0.749103943,0.6,0.891739675,0.646139706,0.810077519,0.944444444,0.05380117
1420,855,5130,521,0.609356725,4019,0.783430799,567,0.663157895,4295,0.837231969,2813,307,7,0,280,708,90,0,50,60,441,10,9,0,22,57,276,0.899584266,0.6567718,0.786096257,0.647727273,0.892449239,0.658604651,0.7875,0.850746269,0.05380117
1425,855,5130,523,0.611695906,4095,0.798245614,569,0.665497076,4371,0.852046784,2941,158,11,0,312,675,103,0,60,65,425,14,10,0,26,54,276,0.945659164,0.619266055,0.753546099,0.6,0.885043635,0.751670379,0.752212389,0.794117647,0.05380117
1430,855,5130,523,0.611695906,4052,0.789863548,569,0.665497076,4328,0.843664717,2849,201,25,0,318,702,104,2,49,52,448,23,7,0,21,53,276,0.926504065,0.623445826,0.783216783,0.654320988,0.883959044,0.735078534,0.74916388,0.679487179,0.05380117
1435,855,5130,526,0.615204678,4057,0.790838207,572,0.669005848,4333,0.844639376,2810,187,45,1,292,732,122,6,38,49,470,26,4,2,25,45,276,0.923430825,0.635416667,0.806174957,0.592105263,0.893765903,0.754639175,0.709969789,0.576923077,0.05380117
1440,855,5130,526,0.615204678,4144,0.807797271,572,0.669005848,4420,0.861598441,2885,128,15,0,313,744,82,0,21,91,463,46,0,0,14,52,276,0.952774108,0.653204565,0.745571659,0.787878788,0.896241069,0.77258567,0.806620209,0.530612245,0.05380117
1445,855,5130,512,0.598830409,4055,0.790448343,558,0.652631579,4331,0.844249513,2807,179,15,0,310,744,69,0,41,121,462,42,0,0,22,42,276,0.935354882,0.662511131,0.693693694,0.65625,0.888853705,0.712643678,0.813380282,0.5,0.05380117
1450,855,5130,524,0.612865497,4134,0.805847953,570,0.666666667,4410,0.859649123,2796,176,7,1,283,766,69,0,48,111,535,6,0,0,19,37,276,0.938255034,0.685152057,0.764285714,0.660714286,0.894147745,0.727445394,0.849206349,0.840909091,0.05380117
1455,855,5130,533,0.623391813,4103,0.799805068,579,0.677192982,4379,0.853606238,2767,183,11,1,275,749,85,0,55,118,551,10,0,0,13,36,276,0.934166104,0.675383228,0.750681199,0.734693878,0.89344527,0.713333333,0.834848485,0.765957447,0.05380117
1500,855,5130,528,0.61754386,4079,0.795126706,574,0.671345029,4355,0.848927875,2742,197,25,1,258,732,81,0,65,128,566,11,0,0,9,39,276,0.924789207,0.683473389,0.735064935,0.8125,0.894616639,0.692526017,0.83113069,0.764705882,0.05380117
1505,855,5130,558,0.652631579,4040,0.787524366,604,0.706432749,4316,0.841325536,2706,249,15,2,265,684,87,0,42,134,613,10,0,0,10,37,276,0.910497981,0.66023166,0.767209011,0.787234043,0.898108198,0.641049672,0.845517241,0.755102041,0.05380117
1510,855,5130,572,0.669005848,4136,0.806237817,618,0.722807018,4412,0.860038986,2749,198,6,0,231,735,63,0,36,154,615,18,0,0,12,37,276,0.930917711,0.714285714,0.7472661,0.755102041,0.911472149,0.676172953,0.88362069,0.672727273,0.05380117
1515,855,5130,556,0.650292398,4205,0.819688109,602,0.704093567,4481,0.873489279,2755,135,15,0,227,752,81,1,43,122,657,14,0,0,11,41,276,0.948364888,0.708765316,0.785885167,0.788461538,0.910743802,0.745292369,0.859947644,0.732142857,0.05380117
1520,855,5130,533,0.623391813,4222,0.823001949,579,0.677192982,4498,0.876803119,2759,98,4,0,247,757,84,0,34,141,663,7,3,2,12,43,276,0.96434813,0.695772059,0.784615385,0.716666667,0.906671048,0.758517034,0.868938401,0.86,0.05380117
1525,855,5130,541,0.632748538,4161,0.811111111,587,0.686549708,4437,0.864912281,2709,106,2,0,253,757,105,0,40,159,653,2,8,2,16,42,276,0.961661342,0.678923767,0.764637002,0.617647059,0.9,0.739257813,0.841494845,0.954545455,0.05380117
1530,855,5130,91,0.106432749,3580,0.69785575,596,0.697076023,4512,0.879532164,2266,101,3,0,235,645,110,0,31,103,632,5,6,4,20,37,932,0.956118143,0.651515152,0.819714656,0.552238806,0.892828999,0.756154748,0.826143791,0.880952381,0.181676413
1535,855,5130,0,0,2824,0.550487329,623,0.728654971,4565,0.889863548,1800,69,7,0,222,491,113,0,31,97,498,1,6,4,15,35,1741,0.959488273,0.594430993,0.794258373,0.583333333,0.874210782,0.742813918,0.786729858,0.972222222,0.339376218
1540,855,5130,0,0,2107,0.410721248,647,0.756725146,4657,0.907797271,1331,45,11,0,178,381,100,0,22,92,368,1,3,7,14,27,2550,0.95962509,0.57814871,0.761904762,0.529411765,0.867666232,0.725714286,0.746450304,0.964285714,0.497076023
1545,855,5130,0,0,1505,0.29337232,694,0.811695906,4859,0.947173489,901,39,6,0,73,316,60,0,4,68,269,4,0,10,7,19,3354,0.95243129,0.703786192,0.779710145,0.527777778,0.921267894,0.729792148,0.786549708,0.826086957,0.65380117
1550,855,5130,0,0,1533,0.298830409,657,0.768421053,4887,0.952631579,886,62,1,0,62,331,46,0,6,46,295,2,2,4,12,21,3354,0.933614331,0.753986333,0.845272206,0.538461538,0.926778243,0.74717833,0.833333333,0.913043478,0.65380117
1555,855,5130,0,0,1445,0.281676413,613,0.716959064,4799,0.935477583,875,86,14,1,81,280,42,1,9,59,275,7,4,5,22,15,3354,0.896516393,0.693069307,0.785714286,0.326086957,0.902992776,0.651162791,0.779036827,0.625,0.65380117
1600,855,5130,0,0,1968,0.383625731,618,0.722807018,4666,0.909551657,1255,121,25,2,103,379,50,3,23,76,320,13,0,12,36,14,2698,0.894511761,0.708411215,0.740740741,0.225806452,0.908761767,0.644557823,0.742459397,0.4375,0.525925926
1605,855,5130,0,0,2650,0.516569201,618,0.722807018,4539,0.884795322,1704,139,31,3,123,494,85,3,21,119,419,16,1,11,39,33,1889,0.907831646,0.70070922,0.728695652,0.392857143,0.921579232,0.647444299,0.729965157,0.6,0.368226121
1610,855,5130,0,0,2745,0.535087719,636,0.743859649,4529,0.882846004,1722,144,28,3,115,532,74,4,21,143,455,18,1,5,45,36,1784,0.907749077,0.733793103,0.714285714,0.413793103,0.926304465,0.645631068,0.755813953,0.590163934,0.347758285
1615,855,5130,69,0.080701754,2844,0.554385965,645,0.754385965,4528,0.882651072,1736,151,22,3,118,543,79,5,19,137,524,19,0,2,47,41,1684,0.907949791,0.72885906,0.749642346,0.455555556,0.926855312,0.651860744,0.779761905,0.602941176,0.328265107
1620,855,5130,72,0.084210526,2251,0.438791423,683,0.798830409,4639,0.904288499,1315,144,20,3,82,412,76,0,13,90,494,18,3,0,42,30,2388,0.88731444,0.722807018,0.803252033,0.4,0.93064402,0.637770898,0.78164557,0.588235294,0.465497076
1625,855,5130,0,0,1797,0.350292398,775,0.906432749,4994,0.973489279,970,38,0,0,25,363,12,0,2,36,432,2,0,0,21,32,3197,0.962301587,0.9075,0.915254237,0.603773585,0.972918756,0.830663616,0.929032258,0.941176471,0.623196881
1630,855,5130,0,0,1748,0.340740741,718,0.839766082,4945,0.963937622,960,52,5,0,30,337,25,0,3,39,420,3,3,0,25,31,3197,0.943952802,0.859693878,0.903225806,0.525423729,0.963855422,0.787383178,0.884210526,0.911764706,0.623196881
1635,855,5130,0,0,1653,0.322222222,714,0.835087719,4850,0.945419103,944,78,4,0,55,296,33,0,4,56,392,6,6,0,38,21,3197,0.920077973,0.770833333,0.855895197,0.323076923,0.935579782,0.688372093,0.839400428,0.777777778,0.623196881
1640,855,5130,0,0,2280,0.444444444,667,0.780116959,4773,0.930409357,1396,87,7,0,84,364,74,2,11,42,481,12,5,1,32,39,2493,0.936912752,0.694656489,0.880952381,0.506493506,0.93315508,0.736842105,0.80976431,0.735849057,0.485964912
1645,855,5130,0,0,2850,0.555555556,639,0.747368421,4639,0.904288499,1834,111,14,0,121,433,92,4,16,73,536,19,5,2,34,47,1789,0.936191935,0.666153846,0.832298137,0.534090909,0.928137652,0.699515347,0.792899408,0.671428571,0.348732943
1650,855,5130,0,0,3380,0.658869396,597,0.698245614,4470,0.871345029,2256,166,23,0,131,525,138,6,24,109,546,24,3,3,33,53,1090,0.922699387,0.65625,0.776671408,0.576086957,0.934548467,0.653798257,0.737837838,0.638554217,0.212475634
1655,855,5130,535,0.625730994,4030,0.785575049,582,0.680701754,4311,0.840350877,2691,218,38,0,164,632,171,10,28,123,643,31,0,4,32,64,281,0.913131999,0.646878199,0.779393939,0.64,0.933402706,0.646878199,0.727375566,0.60952381,0.054775828
1700,855,5130,528,0.61754386,4066,0.792592593,577,0.674853801,4347,0.847368421,2766,167,59,1,168,641,156,19,45,107,609,33,1,2,25,50,281,0.924156365,0.651422764,0.767002519,0.641025641,0.928187919,0.699018539,0.717314488,0.485436893,0.054775828
1705,855,5130,514,0.601169591,3959,0.771734893,561,0.656140351,4240,0.826510721,2795,164,94,2,188,589,186,28,43,120,539,46,1,1,17,36,281,0.914893617,0.594349142,0.720588235,0.654545455,0.923356459,0.673913043,0.644736842,0.321428571,0.054775828
1710,855,5130,529,0.61871345,4025,0.78460039,576,0.673684211,4306,0.839376218,2824,175,118,5,172,632,181,17,30,90,537,23,0,2,11,32,281,0.904548366,0.630738523,0.789705882,0.711111111,0.933245208,0.703003337,0.634002361,0.415584416,0.054775828
1715,855,5130,535,0.625730994,3964,0.772709552,582,0.680701754,4245,0.82748538,2855,228,104,13,213,636,154,13,38,87,455,19,0,0,16,18,281,0.8921875,0.625984252,0.759599332,0.529411765,0.919188667,0.668769716,0.624142661,0.285714286,0.054775828
1720,855,5130,553,0.646783626,4111,0.801364522,599,0.700584795,4387,0.855165692,3036,183,63,16,242,648,86,2,52,75,407,10,3,0,11,20,276,0.920557914,0.662576687,0.748161765,0.588235294,0.910891089,0.715231788,0.717813051,0.416666667,0.05380117
1725,855,5130,540,0.631578947,4059,0.79122807,586,0.685380117,4335,0.84502924,3038,330,56,2,166,622,115,2,43,62,380,7,1,0,11,19,276,0.886748395,0.687292818,0.772357724,0.612903226,0.935344828,0.613412229,0.676156584,0.633333333,0.05380117
1730,855,5130,558,0.652631579,4170,0.812865497,604,0.706432749,4446,0.866666667,3215,233,77,0,175,585,83,1,33,61,353,7,0,1,13,17,276,0.912056738,0.693127962,0.77753304,0.548387097,0.93923459,0.664772727,0.671102662,0.68,0.05380117
1735,855,5130,577,0.674853801,4242,0.826900585,623,0.728654971,4518,0.880701754,3333,239,38,0,156,561,66,0,39,54,336,0,4,0,16,12,276,0.923268698,0.716475096,0.783216783,0.375,0.943657984,0.656908665,0.736842105,1,0.05380117
1740,855,5130,584,0.683040936,4250,0.828460039,630,0.736842105,4526,0.882261209,3416,243,23,0,166,514,63,2,28,60,305,3,0,0,16,15,276,0.927756654,0.689932886,0.77020202,0.483870968,0.946260388,0.629130967,0.749385749,0.75,0.05380117
1745,855,5130,616,0.720467836,4318,0.8417154,662,0.774269006,4594,0.895516569,3533,190,32,0,163,494,43,4,31,54,278,1,0,0,18,13,276,0.940878828,0.701704545,0.763736264,0.419354839,0.947947411,0.669376694,0.749326146,0.722222222,0.05380117
1750,855,5130,638,0.74619883,4353,0.848538012,684,0.8,4629,0.902339181,3632,165,5,0,150,477,52,6,24,74,233,9,1,0,15,11,276,0.955286691,0.696350365,0.685294118,0.407407407,0.954032046,0.666201117,0.763934426,0.423076923,0.05380117
1755,855,5130,649,0.759064327,4488,0.874853801,695,0.812865497,4764,0.928654971,3728,93,6,0,138,484,66,3,10,39,259,1,1,0,9,17,276,0.974131173,0.700434153,0.838187702,0.62962963,0.961568223,0.785714286,0.761764706,0.80952381,0.05380117
1800,855,5130,648,0.757894737,4497,0.876608187,694,0.811695906,4773,0.930409357,3753,92,6,0,135,500,59,5,13,42,224,2,0,0,3,20,276,0.974552064,0.715307582,0.797153025,0.869565217,0.96206101,0.788643533,0.767123288,0.740740741,0.05380117
1805,855,5130,658,0.769590643,4472,0.871734893,704,0.823391813,4748,0.925536062,3787,76,13,0,159,470,71,5,14,25,206,10,0,0,9,9,276,0.977038184,0.666666667,0.807843137,0.5,0.956313131,0.823117338,0.688963211,0.375,0.05380117
1810,855,5130,654,0.764912281,4520,0.881091618,704,0.823391813,4800,0.935672515,3817,95,0,0,139,519,21,4,13,50,174,2,2,0,4,10,280,0.975715746,0.75988287,0.728033473,0.625,0.961218837,0.781626506,0.874371859,0.625,0.054580897
1815,855,5130,675,0.789473684,4543,0.885575049,724,0.846783626,4824,0.940350877,3815,107,10,0,104,546,31,0,8,38,175,1,0,2,5,7,281,0.970244151,0.801762115,0.788288288,0.5,0.971479501,0.787878788,0.791855204,0.875,0.054775828
1820,855,5130,676,0.790643275,4528,0.882651072,725,0.847953216,4809,0.937426901,3843,94,6,0,151,514,21,0,5,38,165,0,0,1,5,6,281,0.9746386,0.749271137,0.793269231,0.5,0.960990248,0.794435858,0.837563452,1,0.054775828
1825,855,5130,677,0.791812865,4536,0.884210526,727,0.850292398,4817,0.938986355,3876,73,7,0,161,494,33,0,6,30,160,0,1,1,1,6,281,0.979777553,0.718023256,0.816326531,0.666666667,0.958456973,0.826086957,0.7960199,1,0.054775828
1830,855,5130,691,0.808187135,4603,0.897270955,741,0.866666667,4884,0.952046784,3915,55,0,0,138,532,19,0,4,27,150,0,0,3,0,6,281,0.986146096,0.772133527,0.828729282,0.666666667,0.964998768,0.862236629,0.887573964,1,0.054775828
1835,855,5130,687,0.803508772,4600,0.89668616,736,0.860818713,4881,0.951461988,3905,66,13,0,116,550,21,0,7,22,139,0,1,3,0,6,281,0.980170683,0.800582242,0.827380952,0.6,0.969223132,0.858034321,0.803468208,1,0.054775828
1840,855,5130,692,0.809356725,4549,0.886744639,738,0.863157895,4826,0.940740741,3896,72,13,17,150,510,16,8,6,22,133,0,0,0,0,10,277,0.974487244,0.745614035,0.826086957,1,0.961500494,0.844370861,0.820987654,0.285714286,0.053996101
1845,855,5130,693,0.810526316,4577,0.892202729,739,0.864327485,4853,0.946003899,3941,68,2,6,126,522,25,0,2,43,108,0,0,5,0,6,276,0.981080408,0.775631501,0.705882353,0.545454545,0.968542639,0.818181818,0.8,0.5,0.05380117
1850,855,5130,694,0.811695906,4579,0.892592593,740,0.865497076,4855,0.946393762,3963,71,2,0,118,527,20,0,3,56,83,0,0,5,0,6,276,0.981912785,0.792481203,0.584507042,0.545454545,0.970372184,0.79969651,0.79047619,1,0.05380117
1855,855,5130,690,0.807017544,4563,0.889473684,736,0.860818713,4839,0.943274854,3945,102,0,0,125,528,14,0,5,44,79,1,0,0,0,11,276,0.974796145,0.791604198,0.612403101,1,0.96809816,0.783382789,0.849462366,0.916666667,0.05380117
1900,855,5130,707,0.826900585,4612,0.899025341,753,0.880701754,4888,0.952826511,3974,85,2,0,91,568,10,0,6,47,59,1,0,0,0,11,276,0.978576705,0.849028401,0.522123894,1,0.97617293,0.811428571,0.830985915,0.916666667,0.05380117
1905,855,5130,711,0.831578947,4648,0.906042885,757,0.885380117,4924,0.959844055,4002,72,2,0,91,570,9,0,3,27,65,1,0,0,1,11,276,0.981844946,0.850746269,0.677083333,0.916666667,0.977050781,0.852017937,0.844155844,0.916666667,0.05380117
1910,855,5130,716,0.837426901,4655,0.907407407,762,0.89122807,4931,0.961208577,4021,72,1,0,73,573,22,0,4,24,50,1,0,2,0,11,276,0.982169028,0.857784431,0.632911392,0.846153846,0.981210347,0.853949329,0.684931507,0.916666667,0.05380117
1915,855,5130,702,0.821052632,4621,0.900779727,748,0.874853801,4897,0.954580897,4000,106,5,0,74,571,19,0,1,24,39,1,0,0,3,11,276,0.97299927,0.859939759,0.6,0.785714286,0.981595092,0.814550642,0.590909091,0.916666667,0.05380117
1920,855,5130,712,0.832748538,4653,0.907017544,758,0.886549708,4929,0.960818713,4037,96,0,0,76,567,6,0,0,13,43,0,0,6,4,6,276,0.97677232,0.873651772,0.767857143,0.375,0.981522003,0.831378299,0.811320755,1,0.05380117
1925,855,5130,708,0.828070175,4632,0.902923977,754,0.881871345,4908,0.956725146,4025,131,0,0,68,557,8,0,0,11,38,0,0,2,2,12,276,0.968479307,0.879936809,0.775510204,0.75,0.983386269,0.794579173,0.791666667,1,0.05380117
1930,855,5130,714,0.835087719,4634,0.90331384,760,0.888888889,4910,0.95711501,4065,123,0,0,74,523,5,0,0,13,34,0,0,1,4,12,276,0.970630372,0.868770764,0.723404255,0.705882353,0.982121285,0.792424242,0.790697674,1,0.05380117
1935,855,5130,712,0.832748538,4634,0.90331384,758,0.886549708,4910,0.95711501,4079,127,0,0,75,507,5,0,0,11,33,0,0,0,2,15,276,0.96980504,0.863713799,0.75,0.882352941,0.981945113,0.786046512,0.825,1,0.05380117
1940,855,5130,707,0.826900585,4634,0.90331384,753,0.880701754,4910,0.95711501,4097,121,0,0,83,490,5,0,1,6,33,1,0,0,3,14,276,0.971313419,0.847750865,0.804878049,0.823529412,0.979909113,0.794165316,0.804878049,0.933333333,0.05380117
1945,855,5130,714,0.835087719,4630,0.902534113,760,0.888888889,4906,0.956335283,4117,108,0,0,98,468,7,0,0,7,31,1,0,0,3,14,276,0.97443787,0.816753927,0.794871795,0.823529412,0.976749703,0.802744425,0.756097561,0.933333333,0.05380117
1950,855,5130,714,0.835087719,4635,0.903508772,760,0.888888889,4911,0.957309942,4112,103,0,0,100,480,4,0,3,6,29,1,0,0,2,14,276,0.975563464,0.821917808,0.743589744,0.875,0.975563464,0.814940577,0.828571429,0.933333333,0.05380117
1955,855,5130,715,0.83625731,4631,0.902729045,761,0.89005848,4907,0.956530214,4119,91,0,0,102,472,10,0,5,10,28,0,1,0,4,12,276,0.978384798,0.808219178,0.651162791,0.705882353,0.974449965,0.823734729,0.666666667,1,0.05380117
2000,855,5130,709,0.829239766,4610,0.898635478,755,0.883040936,4886,0.952436647,4118,82,0,0,131,452,10,0,11,7,25,0,1,0,2,15,276,0.98047619,0.76222597,0.581395349,0.833333333,0.966439803,0.835489834,0.675675676,1,0.05380117
2005,855,5130,713,0.833918129,4616,0.899805068,759,0.887719298,4892,0.953606238,4099,90,0,0,109,483,10,0,9,15,20,0,0,2,3,14,276,0.978515159,0.802325581,0.454545455,0.736842105,0.972018022,0.818644068,0.606060606,1,0.05380117
2010,855,5130,708,0.828070175,4619,0.900389864,754,0.881871345,4895,0.954191033,4087,89,0,0,105,500,5,0,3,26,20,0,0,3,4,12,276,0.978687739,0.819672131,0.408163265,0.631578947,0.974255066,0.809061489,0.689655172,1,0.05380117
2015,855,5130,696,0.814035088,4599,0.896491228,742,0.867836257,4875,0.950292398,4083,73,0,0,135,487,4,0,3,30,17,0,0,6,4,12,276,0.982435034,0.777955272,0.34,0.545454545,0.967306326,0.817114094,0.68,1,0.05380117
2020,855,5130,699,0.81754386,4598,0.896296296,745,0.871345029,4874,0.950097466,4072,78,0,0,132,496,1,1,3,27,19,0,0,3,11,11,276,0.981204819,0.787301587,0.387755102,0.44,0.967910625,0.821192053,0.612903226,0.916666667,0.05380117
2025,855,5130,705,0.824561404,4599,0.896491228,751,0.878362573,4875,0.950292398,4053,88,3,0,127,506,5,2,1,13,30,0,0,3,13,10,276,0.978040541,0.790625,0.681818182,0.384615385,0.969385315,0.829508197,0.588235294,0.833333333,0.05380117
2030,855,5130,699,0.81754386,4584,0.893567251,745,0.871345029,4860,0.947368421,4045,77,0,0,160,495,3,3,1,16,29,0,0,4,6,15,276,0.981319748,0.748865356,0.630434783,0.6,0.96172135,0.836148649,0.763157895,0.833333333,0.05380117
2035,855,5130,703,0.822222222,4612,0.899025341,749,0.876023392,4888,0.952826511,4053,70,0,0,136,515,0,8,1,17,29,1,0,5,4,15,276,0.983022071,0.781487102,0.604166667,0.625,0.967303103,0.848434926,0.878787879,0.625,0.05380117
2040,855,5130,705,0.824561404,4589,0.89454191,751,0.878362573,4865,0.94834308,4038,80,1,0,150,500,8,5,0,11,38,0,0,1,9,13,276,0.980335033,0.754147813,0.775510204,0.565217391,0.964183381,0.844594595,0.678571429,0.722222222,0.05380117
2045,855,5130,708,0.828070175,4579,0.892592593,754,0.881871345,4855,0.946393762,4035,85,0,0,155,492,6,6,3,18,33,1,0,0,1,19,276,0.979368932,0.746585736,0.6,0.95,0.962318149,0.826890756,0.825,0.730769231,0.05380117
2050,855,5130,718,0.839766082,4639,0.904288499,764,0.893567251,4915,0.958089669,4062,56,0,0,128,528,1,0,0,22,33,8,0,0,0,16,276,0.986401166,0.803652968,0.523809524,1,0.969451074,0.871287129,0.970588235,0.666666667,0.05380117
2055,855,5130,711,0.831578947,4623,0.901169591,757,0.885380117,4899,0.95497076,4049,65,0,0,134,520,0,1,0,27,41,4,0,0,0,13,276,0.984200292,0.79389313,0.569444444,1,0.967965575,0.849673203,1,0.722222222,0.05380117
2100,855,5130,709,0.829239766,4615,0.899610136,755,0.883040936,4891,0.953411306,4029,85,0,0,111,536,0,2,0,36,39,5,0,0,0,11,276,0.979338843,0.825885978,0.4875,1,0.973188406,0.815829528,1,0.611111111,0.05380117
2105,855,5130,706,0.825730994,4619,0.900389864,752,0.879532164,4895,0.954191033,4052,62,0,0,135,507,2,3,4,23,51,6,0,0,0,9,276,0.984929509,0.783616692,0.607142857,1,0.966833691,0.856418919,0.962264151,0.5,0.05380117
2110,855,5130,699,0.81754386,4614,0.899415205,745,0.871345029,4890,0.953216374,4032,90,0,0,120,514,5,1,1,18,61,4,0,0,1,7,276,0.978165939,0.803125,0.726190476,0.875,0.970864435,0.826366559,0.910447761,0.583333333,0.05380117
2115,855,5130,698,0.816374269,4621,0.900779727,744,0.870175439,4897,0.954580897,4042,78,3,0,123,505,7,7,0,10,68,5,0,0,0,6,276,0.980354111,0.786604361,0.819277108,1,0.970468187,0.851602024,0.871794872,0.333333333,0.05380117
2120,855,5130,697,0.815204678,4599,0.896491228,743,0.869005848,4876,0.950487329,4025,86,6,0,135,505,8,0,1,18,63,0,0,0,0,6,277,0.977653631,0.779320988,0.768292683,1,0.967315549,0.829228243,0.818181818,1,0.053996101
2125,855,5130,702,0.821052632,4605,0.897660819,749,0.876023392,4882,0.95165692,4023,77,0,0,145,514,10,0,2,14,62,0,0,0,0,6,277,0.981219512,0.768310912,0.794871795,1,0.964748201,0.849586777,0.861111111,1,0.053996101
2130,855,5130,703,0.822222222,4590,0.894736842,749,0.876023392,4867,0.948732943,4008,95,0,0,137,517,16,0,4,11,59,0,0,0,0,6,277,0.97684621,0.771641791,0.797297297,1,0.966015907,0.829855538,0.786666667,1,0.053996101
2135,855,5130,702,0.821052632,4605,0.897660819,748,0.874853801,4882,0.95165692,4033,60,0,0,154,519,7,0,5,22,47,0,0,0,0,6,277,0.985340826,0.763235294,0.635135135,1,0.962070611,0.863560732,0.87037037,1,0.053996101
2140,855,5130,702,0.821052632,4584,0.893567251,748,0.874853801,4861,0.947563353,4028,48,0,0,184,506,4,0,3,30,44,0,0,0,0,6,277,0.988223749,0.729106628,0.571428571,1,0.955634638,0.866438356,0.916666667,1,0.053996101
2145,855,5130,704,0.823391813,4619,0.900389864,750,0.877192982,4896,0.954385965,4024,45,0,0,151,536,9,0,5,24,53,0,0,0,0,6,277,0.988940772,0.770114943,0.646341463,1,0.962679426,0.885950413,0.85483871,1,0.053996101
2150,855,5130,709,0.829239766,4617,0.9,755,0.883040936,4893,0.95380117,4002,62,0,3,125,557,13,3,5,26,52,0,0,0,0,6,276,0.984017703,0.797994269,0.626506024,1,0.968538238,0.863565891,0.8,0.5,0.05380117
2155,855,5130,700,0.81871345,4610,0.898635478,746,0.87251462,4886,0.952436647,4002,68,0,0,126,559,6,0,1,43,43,0,0,0,0,6,276,0.983292383,0.808972504,0.494252874,1,0.969241947,0.834328358,0.87755102,1,0.05380117
2200,855,5130,710,0.830409357,4582,0.893177388,756,0.884210526,4859,0.947173489,3981,79,0,0,138,546,13,0,0,41,49,0,0,0,0,6,277,0.980541872,0.783357245,0.544444444,1,0.966496723,0.81981982,0.790322581,1,0.053996101
2205,855,5130,706,0.825730994,4612,0.899025341,752,0.879532164,4889,0.953021442,4011,52,0,0,144,542,6,0,1,38,53,0,0,0,0,6,277,0.987201575,0.783236994,0.576086957,1,0.965110683,0.857594937,0.898305085,1,0.053996101
2210,855,5130,704,0.823391813,4587,0.894152047,750,0.877192982,4864,0.948148148,3983,84,0,0,144,533,11,0,0,27,65,0,0,0,0,6,277,0.979345955,0.774709302,0.706521739,1,0.965107827,0.827639752,0.855263158,1,0.053996101
2215,855,5130,702,0.821052632,4588,0.894346979,749,0.876023392,4866,0.948538012,3977,99,0,0,125,536,19,0,0,21,69,0,0,0,0,6,278,0.975711482,0.788235294,0.766666667,1,0.96952706,0.817073171,0.784090909,1,0.054191033
2220,855,5130,702,0.821052632,4607,0.898050682,748,0.874853801,4885,0.952241715,3995,91,0,1,110,541,19,0,0,24,65,0,0,0,0,6,278,0.977489601,0.807462687,0.730337079,1,0.97320341,0.824695122,0.773809524,0.857142857,0.054191033
2225,855,5130,693,0.810526316,4609,0.898440546,740,0.865497076,4887,0.952631579,4014,85,0,2,115,518,23,0,1,17,71,0,0,0,0,6,278,0.978785662,0.789634146,0.797752809,1,0.971912833,0.835483871,0.755319149,0.75,0.054191033
2230,855,5130,691,0.808187135,4515,0.880116959,737,0.861988304,4792,0.93411306,3957,151,0,9,137,487,16,0,1,23,65,0,0,0,1,6,277,0.96113675,0.7609375,0.730337079,0.857142857,0.966300366,0.736762481,0.792682927,0.4,0.053996101
2235,855,5130,693,0.810526316,4576,0.892007797,739,0.864327485,4853,0.946003899,4017,92,0,4,139,492,12,0,3,25,61,0,0,2,0,6,277,0.976659373,0.765163297,0.685393258,0.75,0.965857177,0.805237316,0.835616438,0.6,0.053996101
2240,855,5130,690,0.807017544,4548,0.886549708,736,0.860818713,4825,0.940545809,3994,114,0,5,143,493,1,0,2,33,55,0,0,6,1,6,277,0.971067347,0.773940345,0.611111111,0.461538462,0.964967383,0.763157895,0.964912281,0.545454545,0.053996101
2245,855,5130,695,0.812865497,4557,0.888304094,741,0.866666667,4833,0.942105263,4014,93,0,6,150,480,1,0,3,33,57,0,1,6,4,6,276,0.975929978,0.760697306,0.612903226,0.352941176,0.963051823,0.784313725,0.919354839,0.5,0.05380117
2250,855,5130,692,0.809356725,4552,0.887329435,738,0.863157895,4828,0.941130604,4004,113,0,0,135,483,5,0,5,28,59,0,1,9,6,6,276,0.97255283,0.775280899,0.641304348,0.272727273,0.965983112,0.763033175,0.842857143,1,0.05380117
2255,855,5130,691,0.808187135,4539,0.884795322,737,0.861988304,4815,0.938596491,4029,96,0,0,151,453,8,0,11,29,51,0,2,8,10,6,276,0.976727273,0.740196078,0.56043956,0.230769231,0.960887193,0.773037543,0.739130435,1,0.05380117
2300,855,5130,700,0.81871345,4555,0.88791423,746,0.87251462,4831,0.9417154,4021,111,0,0,131,465,7,0,8,18,63,1,3,0,20,6,276,0.973136496,0.771144279,0.7,0.206896552,0.965889983,0.782828283,0.7,0.857142857,0.05380117
