start_time,item_nr,elem_nr,item_right,item_right_percentage,elem_right,elem_right_percentage,item_right_without_unknown,item_right_without_unknown_percentage,elem_right_without_unknown,elem_right_without_knonown_percentage,sp00,sp01,sp02,sp03,sp10,sp11,sp12,sp13,sp20,sp21,sp22,sp23,sp30,sp31,sp32,sp33
0,855,5130,543,0.6350877192982456,4132,0.805458089668616,645,0.7543859649122807,4680,0.9122807017543859,3590,239,6,2,174,507,6,0,0,12,25,0,285,13,61,210
10,855,5130,560,0.6549707602339181,4125,0.804093567251462,664,0.776608187134503,4719,0.9198830409356725,3591,182,5,0,179,499,25,0,0,6,27,3,57,1,108,447
100,855,5130,567,0.6631578947368421,4178,0.8144249512670565,618,0.7228070175438597,4595,0.8957115009746589,3652,187,47,78,181,503,23,3,3,11,15,0,52,0,56,319
1000,855,5130,454,0.5309941520467836,4007,0.7810916179337232,501,0.5859649122807018,4289,0.8360623781676413,3187,504,15,0,167,740,59,1,23,61,74,5,47,0,53,194
1005,855,5130,399,0.4666666666666667,3877,0.7557504873294347,446,0.5216374269005848,4159,0.8107212475633528,3078,606,21,0,159,718,89,1,28,62,73,2,47,0,50,196
1010,855,5130,363,0.4245614035087719,3748,0.7306042884990254,410,0.47953216374269003,4030,0.7855750487329435,2895,794,7,0,145,768,55,0,16,79,77,1,47,1,49,196
1015,855,5130,336,0.3929824561403509,3463,0.6750487329434698,383,0.447953216374269,3745,0.7300194931773879,2619,1072,8,0,169,761,31,1,18,80,75,3,47,1,49,196
1020,855,5130,300,0.3508771929824561,3467,0.6758284600389863,347,0.4058479532163743,3749,0.7307992202729044,2592,1087,29,0,135,778,40,0,8,73,90,7,48,0,48,195
1025,855,5130,321,0.37543859649122807,3425,0.6676413255360624,367,0.42923976608187137,3706,0.7224171539961014,2551,1144,26,4,123,770,57,1,9,57,98,1,46,0,49,194
1030,855,5130,333,0.3894736842105263,3436,0.6697855750487329,379,0.4432748538011696,3716,0.7243664717348928,2571,1124,45,3,124,755,55,2,10,41,104,10,46,0,47,193
1035,855,5130,422,0.4935672514619883,3850,0.7504873294346979,468,0.5473684210526316,4129,0.8048732943469785,2982,739,31,5,116,752,57,8,7,32,110,5,46,0,47,193
1040,855,5130,352,0.41169590643274856,3683,0.7179337231968811,442,0.5169590643274854,4009,0.7814814814814814,2857,821,25,10,139,731,70,2,5,45,89,2,90,3,49,192
1045,855,5130,403,0.47134502923976607,3711,0.723391812865497,492,0.5754385964912281,4084,0.7961013645224172,2891,728,16,7,156,735,76,3,11,46,79,1,134,6,50,191
105,855,5130,568,0.664327485380117,4186,0.8159844054580897,619,0.7239766081871345,4557,0.8883040935672515,3640,196,53,119,166,520,25,5,3,5,18,0,52,0,52,276
1050,855,5130,450,0.5263157894736842,4012,0.7820662768031189,553,0.6467836257309941,4443,0.8660818713450292,3162,394,18,1,161,761,53,4,14,39,82,2,187,14,47,191
1055,855,5130,466,0.5450292397660819,3916,0.7633528265107212,568,0.664327485380117,4407,0.8590643274853801,3087,360,31,13,193,750,50,3,26,42,72,2,241,20,49,191
110,855,5130,578,0.6760233918128655,4171,0.8130604288499025,629,0.735672514619883,4495,0.8762183235867447,3616,205,50,164,179,533,21,7,5,2,16,0,51,1,53,227
1100,855,5130,458,0.5356725146198831,3844,0.749317738791423,561,0.656140350877193,4394,0.8565302144249513,2997,380,19,9,187,774,50,3,34,45,66,6,301,21,47,191
1105,855,5130,459,0.5368421052631579,3782,0.7372319688109161,563,0.6584795321637427,4391,0.8559454191033138,2933,348,29,6,164,770,94,4,33,54,72,5,358,24,46,190
1110,855,5130,458,0.5356725146198831,3722,0.7255360623781676,562,0.6573099415204678,4336,0.845224171539961,2887,376,16,13,202,766,61,6,33,78,63,7,361,24,48,189
1115,855,5130,456,0.5333333333333333,3771,0.7350877192982456,560,0.6549707602339181,4390,0.8557504873294347,2860,397,12,7,149,827,54,2,29,84,78,4,359,33,47,188
1120,855,5130,432,0.5052631578947369,3653,0.7120857699805069,529,0.6187134502923977,4264,0.8311890838206628,2784,468,17,16,165,784,65,13,34,70,79,16,316,39,45,219
1125,855,5130,446,0.5216374269005848,3668,0.715009746588694,543,0.6350877192982456,4272,0.8327485380116959,2786,446,26,20,200,763,69,1,19,75,113,2,310,34,45,221
1130,855,5130,447,0.5228070175438596,3751,0.7311890838206627,544,0.6362573099415205,4355,0.8489278752436648,2823,404,37,15,172,788,62,0,11,68,134,6,310,34,45,221
1135,855,5130,459,0.5368421052631579,3725,0.7261208576998051,556,0.6502923976608187,4323,0.8426900584795322,2823,399,21,32,185,761,75,1,24,66,135,4,308,36,51,209
1140,855,5130,462,0.5403508771929825,3788,0.7384015594541911,559,0.6538011695906433,4384,0.8545808966861599,2878,364,21,8,200,771,51,3,18,77,133,2,307,43,50,204
1145,855,5130,454,0.5309941520467836,3804,0.7415204678362574,557,0.6514619883040935,4400,0.8576998050682261,2883,368,17,14,165,781,55,0,21,83,133,4,317,28,53,208
115,855,5130,578,0.6760233918128655,4286,0.8354775828460039,629,0.735672514619883,4597,0.8961013645224172,3704,270,21,43,157,562,27,6,7,2,13,0,51,0,52,215
1150,855,5130,458,0.5356725146198831,3778,0.7364522417153996,559,0.6538011695906433,4382,0.8541910331384016,2846,376,26,9,169,770,56,3,13,91,155,1,319,44,49,203
1155,855,5130,484,0.5660818713450292,3858,0.752046783625731,587,0.6865497076023391,4460,0.8693957115009746,2934,314,12,7,164,762,41,3,36,83,154,6,320,30,54,210
120,855,5130,606,0.7087719298245614,4370,0.8518518518518519,657,0.7684210526315789,4678,0.9118908382066276,3802,218,6,9,192,548,15,3,7,2,14,0,51,0,51,212
1200,855,5130,483,0.5649122807017544,3801,0.7409356725146199,580,0.6783625730994152,4403,0.8582846003898635,2915,296,22,28,157,736,65,2,27,117,144,4,318,32,61,206
1205,855,5130,480,0.5614035087719298,3819,0.7444444444444445,577,0.6748538011695906,4427,0.8629629629629629,2938,299,17,6,151,730,58,1,42,114,145,5,317,44,55,208
1210,855,5130,486,0.5684210526315789,3827,0.7460038986354776,587,0.6865497076023391,4443,0.8660818713450292,2946,266,32,1,141,719,69,1,29,124,150,21,327,45,51,208
1215,855,5130,501,0.5859649122807018,3871,0.7545808966861598,604,0.7064327485380117,4493,0.8758284600389864,2997,205,19,4,184,688,65,0,28,122,174,6,329,47,52,210
1220,855,5130,509,0.5953216374269006,3869,0.7541910331384015,606,0.7087719298245614,4485,0.8742690058479532,2966,227,23,13,173,733,26,1,49,117,158,10,318,37,53,226
1225,855,5130,519,0.6070175438596491,3891,0.7584795321637426,621,0.7263157894736842,4509,0.8789473684210526,2994,180,24,0,183,688,86,1,63,63,197,11,334,47,51,208
1230,855,5130,511,0.5976608187134503,3833,0.7471734892787525,610,0.7134502923976608,4451,0.8676413255360623,2932,206,32,6,195,699,77,1,57,88,190,7,322,34,53,231
1235,855,5130,501,0.5859649122807018,3824,0.7454191033138402,600,0.7017543859649122,4436,0.8647173489278752,2906,203,24,10,204,725,63,3,48,119,183,7,316,38,64,217
1240,855,5130,502,0.5871345029239766,3826,0.7458089668615985,601,0.7029239766081872,4438,0.8651072124756335,2910,181,10,15,217,734,53,7,53,140,170,5,324,22,61,228
1245,855,5130,518,0.6058479532163743,3878,0.7559454191033138,617,0.7216374269005847,4484,0.8740740740740741,2920,138,16,13,227,752,55,0,57,122,194,9,323,21,55,228
125,855,5130,598,0.6994152046783626,4312,0.8405458089668616,649,0.7590643274853801,4620,0.9005847953216374,3724,312,3,0,177,568,9,0,6,3,14,0,53,0,51,210
1250,855,5130,517,0.6046783625730994,3849,0.7502923976608187,616,0.7204678362573099,4461,0.8695906432748538,2884,142,23,3,223,773,50,0,95,114,179,11,316,51,55,211
1255,855,5130,501,0.5859649122807018,3819,0.7444444444444445,606,0.7087719298245614,4437,0.8649122807017544,2869,145,22,5,236,746,58,2,77,123,191,16,345,22,56,217
130,855,5130,598,0.6994152046783626,4290,0.8362573099415205,649,0.7590643274853801,4597,0.8961013645224172,3733,255,37,1,220,537,12,2,3,3,14,0,51,0,51,211
1300,855,5130,513,0.6,3875,0.7553606237816765,612,0.7157894736842105,4485,0.8742690058479532,2875,138,14,13,195,769,77,4,63,105,219,25,318,24,63,228
1305,855,5130,506,0.591812865497076,3823,0.745224171539961,603,0.7052631578947368,4431,0.8637426900584795,2848,180,10,5,228,734,78,2,49,115,228,22,322,36,58,215
1310,855,5130,499,0.583625730994152,3852,0.7508771929824561,596,0.6970760233918128,4460,0.8693957115009746,2866,158,16,14,199,749,78,2,54,123,227,12,325,23,60,224
1315,855,5130,496,0.5801169590643275,3837,0.747953216374269,597,0.6982456140350877,4451,0.8676413255360623,2860,184,14,2,175,755,87,1,51,146,210,5,336,30,60,214
1320,855,5130,491,0.5742690058479533,3830,0.746588693957115,588,0.6877192982456141,4438,0.8651072124756335,2871,170,24,10,193,710,114,1,50,113,236,4,319,27,63,225
1325,855,5130,488,0.5707602339181287,3745,0.7300194931773879,583,0.6818713450292397,4342,0.8463937621832359,2824,216,16,22,215,688,124,2,74,95,215,19,268,53,113,186
1330,855,5130,482,0.5637426900584795,3846,0.7497076023391813,573,0.6701754385964912,4392,0.856140350877193,2875,206,16,4,202,706,138,1,50,108,245,10,224,69,98,178
1335,855,5130,475,0.5555555555555556,3900,0.7602339181286549,572,0.6690058479532164,4395,0.8567251461988304,2931,197,6,9,239,705,102,2,87,77,245,11,197,48,99,175
1340,855,5130,463,0.5415204678362573,3916,0.7633528265107212,551,0.6444444444444445,4352,0.8483430799220273,2940,206,10,29,255,702,85,1,72,96,260,8,141,47,100,178
1345,855,5130,452,0.5286549707602339,3851,0.750682261208577,539,0.6304093567251462,4228,0.8241715399610137,2888,273,26,38,232,704,95,4,73,122,244,19,99,42,103,168
135,855,5130,594,0.6947368421052632,4306,0.8393762183235868,645,0.7543859649122807,4612,0.8990253411306043,3724,254,40,2,202,562,12,2,0,6,14,0,51,0,51,210
1350,855,5130,451,0.5274853801169591,3927,0.7654970760233918,535,0.6257309941520468,4251,0.8286549707602339,2960,214,34,20,271,684,83,5,92,117,272,11,63,40,105,159
1355,855,5130,506,0.591812865497076,3964,0.7727095516569201,552,0.6456140350877193,4240,0.8265107212475633,2953,257,32,0,266,697,76,0,73,138,295,16,15,35,110,167
140,855,5130,627,0.7333333333333333,4394,0.8565302144249513,677,0.791812865497076,4700,0.9161793372319688,3785,220,15,0,175,590,10,0,2,8,13,0,51,0,51,210
1400,855,5130,478,0.5590643274853802,3927,0.7654970760233918,524,0.6128654970760234,4203,0.8192982456140351,2871,323,34,3,260,687,67,3,64,121,342,16,6,52,106,175
1405,855,5130,469,0.5485380116959064,3908,0.7617933723196881,515,0.6023391812865497,4184,0.8155945419103314,2838,314,46,1,232,688,93,4,58,135,355,18,8,48,117,175
1410,855,5130,477,0.5578947368421052,3899,0.7600389863547758,523,0.6116959064327485,4175,0.8138401559454191,2824,303,43,0,240,681,117,2,44,133,350,37,7,40,117,192
1415,855,5130,480,0.5614035087719298,3901,0.7604288499025341,526,0.6152046783625731,4177,0.8142300194931774,2815,294,29,0,314,646,113,0,49,106,382,21,9,37,109,206
1420,855,5130,460,0.5380116959064327,3935,0.767056530214425,506,0.591812865497076,4211,0.8208576998050682,2788,324,14,1,260,694,122,2,58,85,403,15,12,35,119,198
1425,855,5130,454,0.5309941520467836,3814,0.7434697855750487,500,0.5847953216374269,4090,0.797270955165692,2684,394,29,3,274,699,114,3,64,98,384,18,9,47,115,195
1430,855,5130,444,0.519298245614035,3706,0.7224171539961014,490,0.5730994152046783,3982,0.7762183235867446,2627,393,54,1,300,650,169,7,60,80,388,44,8,44,116,189
1435,855,5130,437,0.5111111111111111,3758,0.7325536062378167,483,0.5649122807017544,4034,0.78635477582846,2608,373,62,0,296,685,156,15,46,76,424,37,2,38,123,189
1440,855,5130,438,0.512280701754386,3754,0.7317738791423002,484,0.5660818713450292,4030,0.7855750487329435,2618,377,32,1,318,690,126,5,48,125,409,39,3,35,119,185
1445,855,5130,458,0.5356725146198831,3782,0.7372319688109161,504,0.5894736842105263,4058,0.7910331384015594,2600,359,42,0,295,715,113,0,74,131,429,32,2,35,117,186
145,855,5130,622,0.7274853801169591,4385,0.854775828460039,672,0.7859649122807018,4691,0.9144249512670566,3803,233,10,0,171,563,15,1,2,7,13,0,52,0,51,209
1450,855,5130,443,0.5181286549707602,3721,0.7253411306042885,489,0.5719298245614035,3997,0.7791423001949318,2513,402,62,3,256,734,126,2,65,161,442,32,6,34,112,180
1455,855,5130,453,0.5298245614035088,3775,0.7358674463937622,499,0.583625730994152,4051,0.7896686159844054,2555,384,22,1,286,718,104,1,74,149,472,39,2,34,111,178
15,855,5130,570,0.6666666666666666,4177,0.8142300194931774,674,0.7883040935672515,4772,0.930214424951267,3605,159,1,0,164,536,12,1,2,8,28,3,60,3,96,452
150,855,5130,626,0.7321637426900585,4410,0.8596491228070176,682,0.7976608187134503,4724,0.9208576998050683,3821,208,4,0,178,569,9,1,2,4,14,0,60,1,50,209
1500,855,5130,444,0.519298245614035,3687,0.7187134502923976,490,0.5730994152046783,3963,0.7725146198830409,2453,455,56,1,252,717,100,2,77,184,480,29,2,34,103,185
1505,855,5130,465,0.543859649122807,3713,0.7237816764132554,511,0.5976608187134503,3989,0.7775828460038986,2501,437,31,3,233,676,122,5,48,191,512,48,2,34,115,172
1510,855,5130,490,0.5730994152046783,3935,0.767056530214425,536,0.6269005847953216,4211,0.8208576998050682,2615,308,28,2,209,695,122,3,44,154,595,30,2,34,111,178
1515,855,5130,469,0.5485380116959064,3860,0.7524366471734892,515,0.6023391812865497,4136,0.8062378167641325,2546,336,23,0,231,692,132,6,60,149,588,39,0,37,109,182
1520,855,5130,436,0.5099415204678363,3830,0.746588693957115,482,0.5637426900584795,4106,0.8003898635477583,2509,324,26,2,229,702,155,2,44,179,579,43,4,35,109,188
1525,855,5130,464,0.5426900584795321,3808,0.7423001949317739,510,0.5964912280701754,4084,0.7961013645224172,2493,309,15,0,237,685,188,5,44,202,584,24,4,39,107,194
1530,855,5130,69,0.08070175438596491,3275,0.6384015594541911,521,0.6093567251461989,4207,0.8200779727095516,2096,266,8,0,266,581,133,10,46,142,565,18,445,173,192,189
1535,855,5130,0,0.0,2621,0.510916179337232,539,0.6304093567251462,4362,0.8502923976608188,1651,203,19,3,208,510,101,7,40,135,428,24,909,379,313,200
1540,855,5130,0,0.0,1981,0.38615984405458087,574,0.6713450292397661,4531,0.8832358674463937,1226,151,10,0,180,381,97,1,30,92,349,12,1372,566,464,199
1545,855,5130,0,0.0,1372,0.2674463937621832,610,0.7134502923976608,4726,0.9212475633528265,808,124,14,0,95,275,77,2,7,61,270,7,1786,756,630,218
155,855,5130,593,0.6935672514619883,4358,0.8495126705653021,683,0.7988304093567251,4719,0.9198830409356725,3771,205,0,0,189,567,9,1,3,4,14,0,104,4,50,209
1550,855,5130,0,0.0,1395,0.2719298245614035,579,0.6771929824561403,4749,0.9257309941520467,807,132,10,0,79,298,58,4,13,58,272,6,1768,770,630,225
1555,855,5130,0,0.0,1320,0.2573099415204678,551,0.6444444444444445,4674,0.9111111111111111,769,172,32,3,57,279,65,3,9,69,259,13,1674,850,648,228
1600,855,5130,0,0.0,1823,0.35536062378167643,547,0.639766081871345,4521,0.8812865497076023,1165,191,45,2,112,351,72,0,28,92,293,19,1301,691,548,220
1605,855,5130,0,0.0,2421,0.47192982456140353,538,0.6292397660818714,4310,0.8401559454191033,1546,269,58,4,136,466,101,2,40,117,393,25,839,516,425,193
1610,855,5130,0,0.0,2481,0.48362573099415207,531,0.6210526315789474,4265,0.8313840155945419,1533,326,38,0,134,491,98,2,42,113,440,42,847,462,383,179
1615,855,5130,62,0.07251461988304093,2613,0.5093567251461988,555,0.6491228070175439,4297,0.8376218323586745,1549,316,47,0,103,534,107,1,29,137,504,29,808,445,333,188
1620,855,5130,62,0.07251461988304093,2134,0.4159844054580897,606,0.7087719298245614,4522,0.8814814814814815,1223,224,34,1,81,405,83,1,18,92,483,22,1245,612,416,190
1625,855,5130,0,0.0,1664,0.3243664717348928,687,0.8035087719298246,4861,0.9475633528265107,933,61,14,0,50,301,49,0,10,44,407,11,1818,682,542,208
1630,855,5130,0,0.0,1610,0.3138401559454191,641,0.7497076023391813,4807,0.937037037037037,923,78,16,0,66,278,47,1,4,60,391,10,1811,711,529,205
1635,855,5130,0,0.0,1544,0.30097465886939573,633,0.7403508771929824,4741,0.9241715399610136,899,107,20,0,77,258,47,2,8,64,372,14,1809,722,523,208
1640,855,5130,0,0.0,2106,0.4105263157894737,584,0.6830409356725147,4599,0.8964912280701754,1310,144,34,2,97,340,85,2,23,66,431,26,1376,568,425,201
1645,855,5130,0,0.0,2669,0.5202729044834308,558,0.6526315789473685,4458,0.8690058479532163,1757,163,38,1,133,412,103,2,34,101,473,36,944,372,367,194
1650,855,5130,0,0.0,3248,0.6331384015594542,539,0.6304093567251462,4338,0.8456140350877193,2215,189,38,3,157,493,147,3,46,107,517,33,478,223,303,178
1655,855,5130,473,0.5532163742690058,3886,0.757504873294347,520,0.6081871345029239,4167,0.8122807017543859,2652,238,52,5,187,603,181,6,39,142,611,33,1,54,157,169
1700,855,5130,453,0.5298245614035088,3761,0.7331384015594542,500,0.5847953216374269,4042,0.7879142300194931,2644,249,95,5,206,543,215,20,51,164,548,31,3,45,135,176
1705,855,5130,436,0.5099415204678363,3724,0.725925925925926,483,0.5649122807017544,4005,0.7807017543859649,2640,319,93,3,207,544,221,19,49,144,516,39,5,40,118,173
1710,855,5130,440,0.5146198830409356,3766,0.7341130604288499,487,0.5695906432748538,4047,0.7888888888888889,2663,314,138,7,211,594,189,8,54,115,482,29,2,39,109,176
1715,855,5130,444,0.519298245614035,3754,0.7317738791423002,490,0.5730994152046783,4035,0.7865497076023392,2669,395,131,5,193,632,189,2,33,111,437,18,2,35,113,165
1720,855,5130,438,0.512280701754386,3767,0.734307992202729,484,0.5660818713450292,4043,0.7881091617933723,2779,413,90,16,245,589,139,5,63,81,373,27,2,33,101,174
1725,855,5130,446,0.5216374269005848,3808,0.7423001949317739,492,0.5754385964912281,4084,0.7961013645224172,2904,416,100,6,195,562,146,2,32,120,323,17,0,34,106,167
1730,855,5130,453,0.5298245614035088,3849,0.7502923976608187,499,0.583625730994152,4125,0.804093567251462,2993,405,111,16,214,518,109,3,43,80,317,14,4,33,101,169
1735,855,5130,466,0.5450292397660819,3864,0.7532163742690059,512,0.5988304093567252,4140,0.8070175438596491,3019,483,93,15,174,535,71,3,53,77,296,3,6,35,105,162
1740,855,5130,473,0.5532163742690058,3911,0.7623781676413255,519,0.6070175438596491,4187,0.8161793372319688,3131,461,85,5,179,479,86,1,26,83,279,8,0,32,105,170
1745,855,5130,508,0.5941520467836258,4064,0.7922027290448344,554,0.6479532163742691,4340,0.8460038986354775,3310,389,50,6,164,476,64,0,24,76,259,5,0,36,104,167
1750,855,5130,543,0.6350877192982456,4159,0.8107212475633528,589,0.6888888888888889,4435,0.8645224171539961,3427,327,48,0,169,449,64,3,18,55,262,5,1,32,101,169
1755,855,5130,552,0.6456140350877193,4194,0.8175438596491228,598,0.6994152046783626,4470,0.8713450292397661,3492,294,33,8,151,477,60,3,19,76,211,3,1,34,106,162
1800,855,5130,576,0.6736842105263158,4283,0.8348927875243665,622,0.7274853801169591,4559,0.8886939571150098,3609,211,22,9,151,465,77,6,15,65,195,6,0,32,105,162
1805,855,5130,592,0.6923976608187135,4336,0.845224171539961,638,0.7461988304093568,4612,0.8990253411306043,3653,212,10,1,157,467,76,5,6,42,205,2,0,35,100,159
1810,855,5130,602,0.704093567251462,4327,0.8434697855750487,651,0.7614035087719299,4607,0.8980506822612085,3658,223,28,3,151,491,35,6,8,59,168,4,5,34,99,158
1815,855,5130,624,0.7298245614035088,4392,0.856140350877193,673,0.7871345029239766,4673,0.910916179337232,3716,211,4,1,130,505,46,0,5,51,161,5,4,34,99,158
1820,855,5130,620,0.7251461988304093,4417,0.8610136452241716,669,0.7824561403508772,4698,0.9157894736842105,3737,181,8,17,141,509,33,3,0,41,163,4,6,32,99,156
1825,855,5130,631,0.7380116959064328,4409,0.8594541910331384,680,0.7953216374269005,4690,0.9142300194931774,3774,167,15,0,151,477,55,5,2,42,152,0,6,33,97,154
1830,855,5130,637,0.7450292397660818,4437,0.8649122807017544,686,0.8023391812865497,4718,0.9196881091617933,3790,173,5,2,157,503,29,0,10,32,138,1,8,32,96,154
1835,855,5130,630,0.7368421052631579,4468,0.8709551656920078,680,0.7953216374269005,4749,0.9257309941520467,3809,162,13,0,131,519,37,0,2,31,134,1,4,37,96,154
1840,855,5130,629,0.735672514619883,4409,0.8594541910331384,675,0.7894736842105263,4686,0.9134502923976608,3802,165,20,11,165,488,26,5,3,39,112,7,0,34,97,156
1845,855,5130,637,0.7450292397660818,4444,0.8662768031189084,683,0.7988304093567251,4720,0.9200779727095516,3829,178,3,7,138,497,36,2,11,30,112,0,2,35,96,154
1850,855,5130,636,0.743859649122807,4417,0.8610136452241716,682,0.7976608187134503,4693,0.9148148148148149,3815,206,15,0,128,500,37,0,10,36,96,0,0,37,96,154
1855,855,5130,654,0.7649122807017544,4465,0.8703703703703703,700,0.8187134502923976,4741,0.9241715399610136,3869,177,1,0,144,494,25,4,5,31,93,0,0,33,97,157
1900,855,5130,641,0.7497076023391813,4475,0.8723196881091618,687,0.8035087719298246,4751,0.9261208576998051,3874,181,6,0,120,521,28,0,2,39,71,1,0,32,98,157
1905,855,5130,652,0.7625730994152047,4483,0.8738791423001949,698,0.816374269005848,4759,0.9276803118908382,3879,187,10,0,109,536,25,0,4,34,57,1,0,32,97,159
1910,855,5130,663,0.775438596491228,4497,0.876608187134503,709,0.8292397660818713,4773,0.9304093567251462,3885,199,4,6,100,559,9,0,5,27,46,1,0,35,99,155
1915,855,5130,653,0.7637426900584795,4470,0.8713450292397661,699,0.8175438596491228,4746,0.9251461988304094,3914,186,7,4,117,513,30,4,4,23,36,2,0,35,100,155
1920,855,5130,656,0.7672514619883041,4469,0.8711500974658869,702,0.8210526315789474,4745,0.9249512670565302,3926,171,31,5,93,510,42,4,1,29,26,0,1,38,98,155
1925,855,5130,652,0.7625730994152047,4455,0.868421052631579,698,0.816374269005848,4731,0.9222222222222223,3953,192,11,0,135,471,25,2,3,18,25,3,0,37,101,154
1930,855,5130,672,0.7859649122807018,4498,0.876803118908382,718,0.839766081871345,4774,0.9306042884990253,3962,219,7,0,100,498,4,0,3,14,30,0,0,35,102,156
1935,855,5130,661,0.7730994152046784,4479,0.8730994152046784,707,0.8269005847953217,4755,0.9269005847953217,3961,238,7,0,93,474,20,0,4,11,29,0,0,32,98,163
1940,855,5130,661,0.7730994152046784,4500,0.8771929824561403,707,0.8269005847953217,4776,0.9309941520467836,4000,200,16,2,104,452,22,0,0,7,31,3,0,32,96,165
1945,855,5130,659,0.7707602339181286,4479,0.8730994152046784,705,0.8245614035087719,4755,0.9269005847953217,3984,230,11,0,105,456,12,0,4,9,25,1,0,32,99,162
1950,855,5130,659,0.7707602339181286,4456,0.8686159844054581,705,0.8245614035087719,4732,0.9224171539961014,3974,228,10,3,119,446,15,4,4,12,22,1,0,32,98,162
1955,855,5130,667,0.7801169590643274,4494,0.8760233918128655,713,0.8339181286549707,4770,0.9298245614035088,3988,216,6,0,100,472,12,0,5,12,24,2,1,33,101,158
20,855,5130,574,0.6713450292397661,4170,0.8128654970760234,678,0.7929824561403509,4765,0.928849902534113,3600,177,1,0,155,532,13,1,0,7,29,5,57,0,103,450
200,855,5130,582,0.6807017543859649,4317,0.8415204678362573,672,0.7859649122807018,4725,0.9210526315789473,3728,204,1,0,183,569,7,2,2,6,14,0,147,8,51,208
2000,855,5130,653,0.7637426900584795,4453,0.8680311890838207,699,0.8175438596491228,4729,0.9218323586744639,3962,226,11,1,108,457,28,0,11,8,23,1,1,32,102,159
2005,855,5130,652,0.7625730994152047,4444,0.8662768031189084,698,0.816374269005848,4720,0.9200779727095516,3954,230,5,0,123,461,18,0,9,17,17,1,1,33,101,160
2010,855,5130,664,0.776608187134503,4461,0.8695906432748538,710,0.8304093567251462,4737,0.9233918128654971,3949,216,7,4,112,481,15,2,4,22,20,3,2,33,101,159
2015,855,5130,648,0.7578947368421053,4461,0.8695906432748538,694,0.8116959064327486,4737,0.9233918128654971,3953,200,3,0,143,475,8,0,3,25,22,0,0,38,101,159
2020,855,5130,653,0.7637426900584795,4469,0.8711500974658869,699,0.8175438596491228,4745,0.9249512670565302,3935,202,11,2,113,503,14,0,3,25,19,2,0,37,104,160
2025,855,5130,656,0.7672514619883041,4473,0.8719298245614036,702,0.8210526315789474,4749,0.9257309941520467,3955,178,11,0,128,479,32,1,3,15,26,0,3,35,103,161
2030,855,5130,645,0.7543859649122807,4421,0.8617933723196881,691,0.808187134502924,4697,0.9155945419103314,3903,215,4,0,154,477,28,2,0,20,23,3,0,37,98,166
2035,855,5130,652,0.7625730994152047,4464,0.8701754385964913,698,0.816374269005848,4740,0.9239766081871345,3911,209,3,0,135,505,12,7,2,14,30,2,0,37,97,166
2040,855,5130,652,0.7625730994152047,4471,0.8715399610136452,698,0.816374269005848,4747,0.9253411306042885,3926,189,4,0,160,495,4,4,3,7,36,3,1,33,103,162
2045,855,5130,664,0.776608187134503,4438,0.8651072124756335,710,0.8304093567251462,4714,0.9189083820662768,3893,221,6,0,145,498,11,5,1,21,30,3,0,32,99,165
205,855,5130,570,0.6666666666666666,4234,0.8253411306042885,660,0.7719298245614035,4690,0.9142300194931774,3667,206,3,0,210,547,9,2,0,10,14,0,190,13,51,208
2050,855,5130,656,0.7672514619883041,4484,0.8740740740740741,702,0.8210526315789474,4760,0.9278752436647173,3908,207,3,0,123,523,10,1,0,17,38,8,0,33,96,163
2055,855,5130,661,0.7730994152046784,4486,0.8744639376218324,707,0.8269005847953217,4762,0.9282651072124757,3928,184,2,0,150,501,3,1,2,16,44,10,0,32,96,161
210,855,5130,578,0.6760233918128655,4183,0.8153996101364522,671,0.7847953216374269,4687,0.9136452241715399,3630,195,10,1,206,532,19,1,0,10,15,1,235,12,53,210
2100,855,5130,646,0.7555555555555555,4479,0.8730994152046784,692,0.8093567251461988,4755,0.9269005847953217,3925,184,5,0,137,497,12,3,3,27,48,2,0,33,97,157
2105,855,5130,645,0.7543859649122807,4464,0.8701754385964913,691,0.808187134502924,4740,0.9239766081871345,3910,196,8,0,128,500,16,3,0,27,45,12,0,32,96,157
2110,855,5130,641,0.7497076023391813,4438,0.8651072124756335,687,0.8035087719298246,4714,0.9189083820662768,3899,215,4,4,145,482,12,1,0,27,51,6,0,32,98,154
2115,855,5130,641,0.7497076023391813,4480,0.8732943469785575,687,0.8035087719298246,4756,0.9270955165692008,3937,178,8,0,141,480,18,3,5,13,57,8,0,32,96,154
2120,855,5130,639,0.7473684210526316,4432,0.8639376218323587,685,0.8011695906432749,4709,0.917933723196881,3909,192,16,0,168,462,16,2,4,23,55,0,0,33,96,154
2125,855,5130,642,0.7508771929824561,4458,0.8690058479532163,689,0.8058479532163743,4735,0.9230019493177388,3899,190,6,5,156,494,19,0,2,17,59,0,1,32,96,154
2130,855,5130,654,0.7649122807017544,4447,0.8668615984405458,700,0.8187134502923976,4724,0.9208576998050683,3929,167,7,0,194,462,14,0,6,18,50,0,0,33,96,154
2135,855,5130,653,0.7637426900584795,4474,0.8721247563352826,699,0.8175438596491228,4751,0.9261208576998051,3927,164,2,0,167,493,19,1,5,21,48,0,1,32,96,154
2140,855,5130,648,0.7578947368421053,4428,0.8631578947368421,694,0.8116959064327486,4705,0.9171539961013645,3907,164,4,1,200,471,21,2,5,26,44,2,1,32,96,154
2145,855,5130,639,0.7473684210526316,4398,0.8573099415204678,685,0.8011695906432749,4675,0.9113060428849903,3900,165,3,1,211,449,36,0,7,32,43,0,1,32,96,154
215,855,5130,569,0.6654970760233918,4133,0.8056530214424952,662,0.7742690058479532,4685,0.9132553606237817,3564,184,1,0,233,546,13,0,4,10,17,0,283,13,50,212
2150,855,5130,658,0.7695906432748538,4461,0.8695906432748538,704,0.8233918128654971,4737,0.9233918128654971,3891,170,3,3,159,516,20,3,3,32,48,0,0,32,96,154
2155,855,5130,653,0.7637426900584795,4430,0.8635477582846004,699,0.8175438596491228,4706,0.9173489278752437,3874,191,5,0,144,510,37,0,2,45,40,0,0,32,96,154
220,855,5130,564,0.6596491228070176,4120,0.8031189083820662,662,0.7742690058479532,4712,0.9185185185185185,3544,160,4,0,225,551,12,0,3,14,19,0,270,19,56,253
2200,855,5130,647,0.7567251461988304,4416,0.8608187134502924,694,0.8116959064327486,4693,0.9148148148148149,3873,183,4,0,169,490,38,0,1,42,47,0,0,33,96,154
2205,855,5130,641,0.7497076023391813,4412,0.8600389863547758,687,0.8035087719298246,4689,0.9140350877192982,3857,200,6,0,161,501,30,0,1,43,48,0,1,32,96,154
2210,855,5130,649,0.7590643274853801,4431,0.8637426900584795,695,0.8128654970760234,4708,0.917738791423002,3856,204,6,1,154,512,22,0,2,33,57,0,0,33,96,154
2215,855,5130,632,0.7391812865497076,4435,0.8645224171539961,679,0.7941520467836257,4713,0.9187134502923977,3874,195,7,0,137,493,49,1,0,26,62,2,1,33,96,154
2220,855,5130,631,0.7380116959064328,4420,0.8615984405458089,677,0.791812865497076,4698,0.9157894736842105,3858,221,8,0,138,497,30,5,0,26,59,4,2,32,96,154
2225,855,5130,614,0.7181286549707603,4393,0.8563352826510722,660,0.7719298245614035,4671,0.9105263157894737,3825,267,8,1,126,505,21,4,1,28,57,3,3,32,95,154
2230,855,5130,615,0.7192982456140351,4377,0.8532163742690059,661,0.7730994152046784,4654,0.9072124756335282,3860,244,5,8,142,450,48,0,1,26,61,1,4,31,95,154
2235,855,5130,618,0.7228070175438597,4399,0.857504873294347,664,0.776608187134503,4676,0.9115009746588694,3888,219,6,0,154,453,36,0,3,31,52,3,6,32,93,154
2240,855,5130,609,0.712280701754386,4345,0.8469785575048733,655,0.7660818713450293,4622,0.9009746588693958,3826,276,10,1,160,453,24,0,5,24,60,1,5,38,94,153
2245,855,5130,628,0.7345029239766082,4381,0.8539961013645224,674,0.7883040935672515,4657,0.9077972709551657,3875,226,10,2,169,451,11,0,10,34,47,2,5,34,94,160
225,855,5130,551,0.6444444444444445,4088,0.7968810916179337,649,0.7590643274853801,4681,0.9124756335282651,3524,181,3,0,224,543,18,0,6,17,15,0,54,2,97,446
2250,855,5130,611,0.7146198830409357,4338,0.8456140350877193,657,0.7684210526315789,4614,0.8994152046783626,3858,248,11,0,175,436,12,0,13,38,35,6,7,36,94,161
2255,855,5130,616,0.7204678362573099,4363,0.8504873294346978,662,0.7742690058479532,4639,0.9042884990253411,3860,253,12,0,140,454,18,0,18,28,39,6,4,38,98,162
230,855,5130,574,0.6713450292397661,4114,0.8019493177387914,673,0.7871345029239766,4708,0.917738791423002,3510,181,1,0,201,580,14,0,3,22,18,0,56,1,90,453
2300,855,5130,595,0.695906432748538,4305,0.8391812865497076,641,0.7497076023391813,4581,0.8929824561403509,3812,310,10,0,147,440,16,0,6,26,46,12,0,38,108,159
235,855,5130,566,0.6619883040935672,4107,0.8005847953216374,665,0.7777777777777778,4702,0.9165692007797271,3502,199,4,0,191,579,11,0,8,15,20,0,51,1,94,455
240,855,5130,582,0.6807017543859649,4154,0.8097465886939571,681,0.7964912280701755,4750,0.9259259259259259,3533,161,5,0,188,596,6,0,2,18,19,0,53,0,102,447
245,855,5130,576,0.6736842105263158,4134,0.8058479532163743,675,0.7894736842105263,4730,0.9220272904483431,3508,193,9,0,168,604,10,0,3,17,16,0,61,0,109,432
25,855,5130,575,0.672514619883041,4170,0.8128654970760234,678,0.7929824561403509,4764,0.928654970760234,3590,196,2,6,133,541,12,2,1,9,31,0,56,0,110,441
250,855,5130,571,0.6678362573099416,4148,0.8085769980506823,670,0.783625730994152,4744,0.9247563352826511,3501,211,4,0,146,621,13,0,1,11,20,0,100,0,99,403
255,855,5130,572,0.6690058479532164,4153,0.809551656920078,671,0.7847953216374269,4748,0.9255360623781677,3517,194,8,0,163,610,7,0,2,8,20,0,97,2,99,403
30,855,5130,567,0.6631578947368421,4118,0.802729044834308,670,0.783625730994152,4712,0.9185185185185185,3559,228,5,0,153,526,12,1,1,9,27,2,62,3,111,431
300,855,5130,560,0.6549707602339181,4181,0.815009746588694,655,0.7660818713450293,4732,0.9224171539961014,3555,194,10,1,172,605,9,0,3,9,15,0,56,1,99,401
305,855,5130,568,0.664327485380117,4169,0.8126705653021442,623,0.7286549707602339,4675,0.9113060428849903,3543,213,2,45,176,604,4,4,4,7,16,0,55,0,98,359
310,855,5130,568,0.664327485380117,4182,0.8152046783625732,622,0.7274853801169591,4640,0.9044834307992202,3572,192,47,46,172,590,13,6,3,11,14,0,52,0,55,357
315,855,5130,580,0.6783625730994152,4198,0.8183235867446393,630,0.7368421052631579,4608,0.8982456140350877,3593,194,41,87,171,585,12,5,4,8,14,0,51,0,55,310
320,855,5130,570,0.6666666666666666,4167,0.8122807017543859,620,0.7251461988304093,4529,0.8828460038986354,3554,231,45,130,165,591,12,7,5,6,16,0,51,0,52,265
325,855,5130,556,0.6502923976608187,4190,0.8167641325536062,606,0.7087719298245614,4505,0.878167641325536,3572,223,47,170,149,597,13,11,3,9,15,0,51,0,51,219
330,855,5130,597,0.6982456140350877,4390,0.8557504873294347,649,0.7590643274853801,4703,0.9167641325536062,3792,217,10,18,161,575,9,0,2,10,17,0,55,4,50,210
335,855,5130,586,0.6853801169590643,4252,0.8288499025341131,638,0.7461988304093568,4562,0.8892787524366472,3680,325,23,17,179,553,8,0,3,13,13,0,56,1,50,209
340,855,5130,602,0.704093567251462,4246,0.8276803118908382,653,0.7637426900584795,4556,0.8881091617933723,3678,363,7,6,158,547,25,0,2,13,15,0,54,2,52,208
345,855,5130,612,0.7157894736842105,4332,0.8444444444444444,663,0.775438596491228,4642,0.9048732943469786,3780,272,13,2,158,530,20,6,2,15,16,0,56,0,51,209
35,855,5130,590,0.6900584795321637,4167,0.8122807017543859,693,0.8105263157894737,4761,0.9280701754385965,3598,184,1,0,150,535,18,0,1,3,28,6,106,3,99,398
350,855,5130,633,0.7403508771929824,4408,0.8592592592592593,684,0.8,4720,0.9200779727095516,3818,247,3,3,127,569,13,0,1,16,15,0,57,2,52,207
355,855,5130,651,0.7614035087719299,4477,0.8727095516569201,703,0.8222222222222222,4789,0.9335282651072124,3900,169,4,2,137,556,9,0,5,15,15,0,58,1,51,208
40,855,5130,591,0.6912280701754386,4157,0.8103313840155946,689,0.8058479532163743,4746,0.9251461988304094,3561,209,3,30,113,558,17,1,0,6,30,1,98,0,102,401
400,855,5130,646,0.7555555555555555,4420,0.8615984405458089,698,0.816374269005848,4733,0.9226120857699805,3885,183,3,5,180,513,11,1,4,10,16,0,52,1,50,216
405,855,5130,653,0.7637426900584795,4478,0.8729044834307992,703,0.8222222222222222,4792,0.9341130604288499,3931,150,0,3,159,527,10,0,0,16,14,0,55,2,50,213
410,855,5130,646,0.7555555555555555,4471,0.8715399610136452,696,0.8140350877192982,4786,0.9329434697855751,3937,143,7,4,163,510,18,0,4,4,18,0,58,2,50,212
415,855,5130,643,0.752046783625731,4449,0.867251461988304,695,0.8128654970760234,4766,0.9290448343079922,3927,159,3,5,176,499,11,2,0,6,17,0,54,5,57,209
420,855,5130,645,0.7543859649122807,4434,0.8643274853801169,696,0.8140350877192982,4751,0.9261208576998051,3915,174,8,9,165,499,9,3,0,8,14,0,61,6,50,209
425,855,5130,650,0.7602339181286549,4448,0.867056530214425,703,0.8222222222222222,4767,0.9292397660818713,3939,172,5,4,157,490,18,0,1,2,13,0,60,13,50,206
430,855,5130,665,0.7777777777777778,4456,0.8686159844054581,718,0.839766081871345,4774,0.9306042884990253,3984,152,2,2,181,455,7,2,0,5,11,0,54,1,55,219
435,855,5130,652,0.7625730994152047,4463,0.8699805068226121,705,0.8245614035087719,4781,0.9319688109161793,3954,198,2,0,124,489,17,0,0,2,14,0,57,0,51,222
440,855,5130,660,0.7719298245614035,4474,0.8721247563352826,713,0.8339181286549707,4792,0.9341130604288499,3985,171,5,0,148,465,11,0,0,2,13,0,49,1,51,229
445,855,5130,657,0.7684210526315789,4489,0.8750487329434697,709,0.8292397660818713,4806,0.9368421052631579,3984,186,3,1,123,483,6,0,1,3,11,0,50,0,62,217
45,855,5130,549,0.6421052631578947,4154,0.8097465886939571,646,0.7555555555555555,4708,0.917738791423002,3607,224,3,6,154,512,24,0,0,7,27,0,64,0,102,400
450,855,5130,648,0.7578947368421053,4436,0.8647173489278752,699,0.8175438596491228,4751,0.9261208576998051,3968,215,4,1,141,450,9,0,0,3,12,0,51,3,56,217
455,855,5130,658,0.7695906432748538,4485,0.8742690058479532,709,0.8292397660818713,4798,0.9352826510721247,4007,181,2,2,132,458,6,1,0,2,14,0,54,3,53,215
5,855,5130,558,0.6526315789473685,4085,0.7962962962962963,657,0.7684210526315789,4674,0.9111111111111111,3596,179,1,13,214,461,15,5,1,12,21,1,307,15,58,231
50,855,5130,565,0.6608187134502924,4180,0.8148148148148148,628,0.7345029239766082,4690,0.9142300194931774,3642,200,4,33,169,509,19,2,0,9,21,0,54,0,102,366
500,855,5130,670,0.783625730994152,4520,0.8810916179337231,721,0.8432748538011696,4829,0.9413255360623781,4021,160,12,5,107,476,8,3,0,5,12,0,50,0,52,219
505,855,5130,640,0.7485380116959064,4448,0.867056530214425,690,0.8070175438596491,4753,0.9265107212475634,3968,218,16,7,113,460,13,2,0,4,12,0,50,0,55,212
510,855,5130,654,0.7649122807017544,4451,0.8676413255360623,703,0.8222222222222222,4752,0.9263157894736842,3970,215,22,7,102,456,22,6,0,1,17,0,49,0,52,211
515,855,5130,654,0.7649122807017544,4453,0.8680311890838207,703,0.8222222222222222,4751,0.9261208576998051,3974,207,29,5,99,457,24,7,0,2,14,4,49,0,51,208
520,855,5130,660,0.7719298245614035,4423,0.8621832358674464,709,0.8292397660818713,4719,0.9198830409356725,3964,213,31,8,120,437,28,1,0,4,14,5,49,0,50,206
525,855,5130,660,0.7719298245614035,4457,0.8688109161793373,709,0.8292397660818713,4751,0.9261208576998051,3979,192,32,8,113,453,22,5,0,4,19,1,49,1,50,202
530,855,5130,646,0.7555555555555555,4418,0.8612085769980506,695,0.8128654970760234,4712,0.9185185185185185,3950,213,20,1,143,441,32,1,0,7,21,0,49,0,50,202
535,855,5130,644,0.7532163742690059,4404,0.8584795321637427,693,0.8105263157894737,4698,0.9157894736842105,3898,231,12,4,141,474,32,2,0,10,26,0,49,0,49,202
540,855,5130,630,0.7368421052631579,4395,0.8567251461988304,679,0.7941520467836257,4689,0.9140350877192982,3860,237,14,0,123,502,47,1,3,14,27,2,49,0,49,202
545,855,5130,633,0.7403508771929824,4429,0.8633528265107212,682,0.7976608187134503,4723,0.9206627680311891,3869,178,15,1,142,512,45,1,7,15,42,2,50,0,49,202
55,855,5130,553,0.6467836257309941,4130,0.8050682261208577,607,0.7099415204678362,4593,0.8953216374269006,3583,250,42,42,163,522,23,2,2,10,17,0,51,0,67,356
550,855,5130,629,0.735672514619883,4417,0.8610136452241716,678,0.7929824561403509,4711,0.9183235867446394,3819,181,11,3,164,535,25,1,12,20,57,0,51,0,49,202
555,855,5130,626,0.7321637426900585,4438,0.8651072124756335,675,0.7894736842105263,4732,0.9224171539961014,3816,144,4,1,160,565,18,0,25,42,51,0,52,1,49,202
600,855,5130,612,0.7157894736842105,4371,0.8520467836257309,662,0.7742690058479532,4666,0.909551656920078,3727,189,13,1,162,572,22,0,31,41,66,0,52,0,52,202
605,855,5130,621,0.7263157894736842,4351,0.8481481481481481,671,0.7847953216374269,4646,0.9056530214424952,3702,172,31,3,158,562,42,0,22,50,80,0,52,0,53,203
610,855,5130,611,0.7146198830409357,4365,0.8508771929824561,661,0.7730994152046784,4660,0.9083820662768031,3663,214,13,1,135,596,32,1,24,41,99,0,54,1,53,203
615,855,5130,587,0.6865497076023391,4303,0.8387914230019493,637,0.7450292397660818,4596,0.895906432748538,3597,261,19,1,137,579,55,0,21,31,118,1,52,0,53,205
620,855,5130,594,0.6947368421052632,4278,0.8339181286549707,642,0.7508771929824561,4569,0.8906432748538011,3580,268,18,2,135,565,80,1,9,33,127,2,53,0,57,200
625,855,5130,566,0.6619883040935672,4226,0.8237816764132554,614,0.7181286549707603,4515,0.8801169590643275,3505,307,23,12,148,576,73,5,7,27,137,2,48,7,51,202
630,855,5130,579,0.6771929824561403,4226,0.8237816764132554,626,0.7321637426900585,4512,0.87953216374269,3487,266,41,11,152,615,67,0,8,53,114,8,48,0,58,202
635,855,5130,563,0.6584795321637427,4198,0.8183235867446393,610,0.7134502923976608,4482,0.8736842105263158,3450,262,38,6,203,593,59,2,27,38,144,2,51,2,52,201
640,855,5130,541,0.632748538011696,4156,0.8101364522417154,588,0.6877192982456141,4438,0.8651072124756335,3355,282,43,9,186,630,70,6,34,49,161,2,47,4,54,198
645,855,5130,535,0.6257309941520468,4158,0.8105263157894737,582,0.6807017543859649,4440,0.8654970760233918,3338,239,33,1,220,647,75,1,40,69,156,4,48,1,53,205
650,855,5130,525,0.6140350877192983,4056,0.7906432748538011,572,0.6690058479532164,4338,0.8456140350877193,3232,252,20,4,290,634,67,1,59,86,175,4,49,3,51,203
655,855,5130,502,0.5871345029239766,3982,0.7762183235867446,549,0.6421052631578947,4264,0.8311890838206628,3097,263,62,4,263,677,74,4,68,112,199,1,48,3,58,197
700,855,5130,492,0.5754385964912281,3985,0.776803118908382,539,0.6304093567251462,4267,0.8317738791423002,3055,277,29,4,269,685,71,3,80,116,229,5,50,1,52,204
705,855,5130,492,0.5754385964912281,3974,0.7746588693957115,539,0.6304093567251462,4256,0.8296296296296296,2947,331,33,2,248,722,84,6,50,99,292,10,47,3,55,201
710,855,5130,501,0.5859649122807018,3975,0.7748538011695907,548,0.6409356725146199,4258,0.8300194931773879,2975,297,13,4,263,704,109,3,50,109,285,13,49,3,54,199
715,855,5130,514,0.6011695906432749,3971,0.774074074074074,561,0.656140350877193,4255,0.8294346978557505,3002,252,46,0,321,657,86,4,33,113,302,14,49,0,53,198
720,855,5130,507,0.5929824561403508,4048,0.789083820662768,555,0.6491228070175439,4333,0.8446393762183236,3023,275,40,0,243,736,80,8,47,85,280,14,47,6,49,197
725,855,5130,518,0.6058479532163743,3976,0.7750487329434698,566,0.6619883040935672,4262,0.8307992202729045,3029,301,59,1,215,682,154,5,25,94,257,9,47,3,53,196
730,855,5130,504,0.5894736842105263,4001,0.7799220272904483,552,0.6456140350877193,4288,0.8358674463937622,3084,314,53,3,216,656,146,14,6,69,254,16,48,6,50,195
735,855,5130,511,0.5976608187134503,3957,0.7713450292397661,559,0.6538011695906433,4245,0.827485380116959,3075,341,96,1,223,650,119,7,15,61,225,18,47,0,57,195
740,855,5130,530,0.6198830409356725,4012,0.7820662768031189,578,0.6760233918128655,4300,0.8382066276803118,3156,331,71,0,223,633,111,8,27,50,216,4,47,0,52,201
745,855,5130,553,0.6467836257309941,4132,0.805458089668616,601,0.7029239766081872,4420,0.8615984405458089,3238,295,62,2,182,697,68,5,27,58,191,5,47,2,51,200
750,855,5130,560,0.6549707602339181,4221,0.8228070175438597,608,0.7111111111111111,4509,0.8789473684210526,3334,261,27,4,174,693,60,4,18,55,188,6,50,0,56,200
755,855,5130,552,0.6456140350877193,4222,0.8230019493177388,610,0.7134502923976608,4520,0.8810916179337231,3319,247,46,1,163,718,51,4,8,71,178,8,58,0,58,200
800,855,5130,565,0.6608187134502924,4254,0.8292397660818713,624,0.7298245614035088,4563,0.8894736842105263,3389,191,7,0,197,688,68,7,17,65,171,6,70,1,54,199
805,855,5130,553,0.6467836257309941,4203,0.8192982456140351,610,0.7134502923976608,4512,0.87953216374269,3367,194,17,2,237,682,55,4,15,81,148,4,66,3,57,198
810,855,5130,546,0.6385964912280702,4151,0.8091617933723196,605,0.7076023391812866,4459,0.8692007797270955,3359,224,16,1,266,640,61,4,29,62,146,0,69,1,54,198
815,855,5130,569,0.6654970760233918,4195,0.817738791423002,626,0.7321637426900585,4502,0.8775828460038987,3398,205,14,1,229,668,70,6,25,68,123,2,67,2,55,197
820,855,5130,563,0.6584795321637427,4173,0.8134502923976609,620,0.7251461988304093,4479,0.8730994152046784,3407,225,25,1,236,647,56,11,19,74,113,2,67,1,49,197
825,855,5130,567,0.6631578947368421,4123,0.8037037037037037,614,0.7181286549707603,4418,0.8612085769980506,3365,270,41,53,192,656,64,11,22,57,96,1,47,1,48,206
830,855,5130,564,0.6596491228070176,4154,0.8097465886939571,611,0.7146198830409357,4437,0.8649122807017544,3429,297,18,67,195,624,53,7,1,52,95,3,47,0,47,195
835,855,5130,574,0.6713450292397661,4192,0.8171539961013645,621,0.7263157894736842,4474,0.8721247563352826,3464,356,31,8,175,632,49,0,5,29,90,3,47,0,47,194
840,855,5130,591,0.6912280701754386,4244,0.82729044834308,638,0.7461988304093568,4526,0.8822612085769981,3564,293,30,0,208,601,44,1,11,13,73,4,47,0,47,194
845,855,5130,615,0.7192982456140351,4312,0.8405458089668616,662,0.7742690058479532,4594,0.8955165692007797,3616,250,41,0,192,626,32,0,0,17,64,4,47,0,47,194
850,855,5130,631,0.7380116959064328,4363,0.8504873294346978,678,0.7929824561403509,4645,0.905458089668616,3671,212,18,0,193,633,45,0,2,14,53,1,47,0,47,194
855,855,5130,637,0.7450292397660818,4426,0.8627680311890839,684,0.8,4708,0.917738791423002,3758,128,0,0,229,613,47,1,6,10,49,1,47,0,47,194
900,855,5130,643,0.752046783625731,4422,0.8619883040935673,690,0.8070175438596491,4704,0.9169590643274854,3702,152,3,0,210,675,28,0,4,29,39,0,47,0,47,194
905,855,5130,645,0.7543859649122807,4445,0.8664717348927875,692,0.8093567251461988,4727,0.9214424951267056,3706,122,8,0,194,700,34,1,8,36,33,0,47,0,47,194
910,855,5130,632,0.7391812865497076,4419,0.8614035087719298,679,0.7941520467836257,4701,0.916374269005848,3698,121,1,0,233,684,22,0,21,31,31,0,47,0,47,194
915,855,5130,612,0.7157894736842105,4388,0.8553606237816764,659,0.7707602339181286,4670,0.9103313840155945,3651,151,2,0,216,700,33,0,29,28,31,0,47,0,48,194
920,855,5130,641,0.7497076023391813,4362,0.8502923976608188,688,0.8046783625730994,4644,0.9052631578947369,3666,113,0,0,265,666,27,0,43,37,24,0,48,0,47,194
925,855,5130,610,0.7134502923976608,4281,0.8345029239766082,657,0.7684210526315789,4563,0.8894736842105263,3603,153,3,0,278,644,44,1,25,62,28,0,47,1,47,194
930,855,5130,619,0.7239766081871345,4340,0.8460038986354775,666,0.7789473684210526,4622,0.9009746588693958,3607,143,3,0,236,689,41,2,29,53,38,0,47,1,47,194
935,855,5130,622,0.7274853801169591,4324,0.8428849902534113,669,0.7824561403508772,4606,0.8978557504873295,3590,146,10,0,228,688,46,1,37,54,40,0,48,0,48,194
940,855,5130,632,0.7391812865497076,4369,0.8516569200779727,679,0.7941520467836257,4651,0.9066276803118909,3586,144,4,0,198,728,39,0,37,55,49,0,47,2,47,194
945,855,5130,613,0.7169590643274854,4318,0.8417153996101364,660,0.7719298245614035,4600,0.8966861598440545,3559,168,2,0,212,694,55,0,27,62,58,4,47,0,47,195
950,855,5130,597,0.6982456140350877,4334,0.8448343079922027,644,0.7532163742690059,4616,0.8998050682261208,3521,189,10,0,166,740,59,2,17,67,67,1,47,3,47,194
955,855,5130,591,0.6912280701754386,4293,0.8368421052631579,638,0.7461988304093568,4575,0.8918128654970761,3477,222,15,6,165,741,46,0,44,51,68,3,47,1,49,195
