0,1
WI-MNT_XML_V001-21012,0.006944444444444444
WI-MNT_XML_V001-25006,0.0078125
WI-MNT_XML_V001-240,0.4279513888888889
IL-TESTTSC-202,0.017361111111111112
WI-MNT_XML_V001-31013,0.006944444444444444
WI-MNT_XML_V001-1314,0.006944444444444444
WI-MNT_XML_V001-5006,0.006944444444444444
WI-MNT_XML_V001-9034,0.006944444444444444
IL-TESTTSC-167,0.020833333333333332
WI-MNT_XML_V001-26028,0.006944444444444444
WI-MNT_XML_V001-31010,0.006944444444444444
IL-TESTTSC-246,0.04079861111111111
WI-MNT_XML_V001-1009,0.006944444444444444
WI-MNT_XML_V001-11016,0.006944444444444444
WI-MNT_XML_V001-5018,0.07725694444444445
WI-MNT_XML_V001-552,0.006944444444444444
WI-MNT_XML_V001-28009,0.006944444444444444
WI-MNT_XML_V001-4018,0.006944444444444444
IL-TESTTSC-172,0.020833333333333332
WI-MNT_XML_V001-1005,0.006944444444444444
WI-MNT_XML_V001-2010,0.0234375
WI-MNT_XML_V001-6001,0.019097222222222224
IL-TESTTSC-223,1.2491319444444444
WI-MNT_XML_V001-999421,0.006944444444444444
IL-TIMS-I_90-E-2,0.3324652777777778
WI-MNT_XML_V001-6028,0.006944444444444444
WI-MNT_XML_V001-6014,0.006944444444444444
WI-MNT_XML_V001-6004,0.019965277777777776
WI-MNT_XML_V001-15006,0.006944444444444444
WI-MNT_XML_V001-23043,0.009548611111111112
WI-MNT_XML_V001-999414,0.006944444444444444
WI-MNT_XML_V001-134,0.006944444444444444
WI-MNT_XML_V001-4014,0.006944444444444444
WI-MNT_XML_V001-994312,1.25
WI-MNT_XML_V001-22050,1.25
WI-MNT_XML_V001-1010,0.006944444444444444
WI-MNT_XML_V001-27014,0.006944444444444444
IL-TESTTSC-146,0.017361111111111112
IL-TESTTSC-193,0.017361111111111112
WI-MNT_XML_V001-22007,0.006944444444444444
IL-TESTTSC-188,0.017361111111111112
WI-MNT_XML_V001-21002,0.006944444444444444
WI-MNT_XML_V001-3008,0.006944444444444444
WI-MNT_XML_V001-194,0.006944444444444444
WI-MNT_XML_V001-25009,0.006944444444444444
WI-MNT_XML_V001-4012,0.006944444444444444
WI-MNT_XML_V001-28005,0.006944444444444444
WI-MNT_XML_V001-6020,0.006944444444444444
WI-MNT_XML_V001-28020,0.006944444444444444
WI-MNT_XML_V001-7028,0.006076388888888889
WI-MNT_XML_V001-115,0.006944444444444444
WI-MNT_XML_V001-23035,0.006944444444444444
IL-TESTTSC-152,0.017361111111111112
WI-MNT_XML_V001-32009,0.019965277777777776
WI-MNT_XML_V001-33016,0.019965277777777776
WI-MNT_XML_V001-7009,0.006944444444444444
WI-MNT_XML_V001-32010,0.019965277777777776
WI-MNT_XML_V001-20002,0.006944444444444444
WI-MNT_XML_V001-15009,0.006944444444444444
WI-MNT_XML_V001-9013,0.006944444444444444
WI-MNT_XML_V001-12012,0.006944444444444444
WI-MNT_XML_V001-8008,0.006944444444444444
WI-MNT_XML_V001-85,0.006944444444444444
WI-MNT_XML_V001-9049,0.006944444444444444
WI-MNT_XML_V001-31002,0.006944444444444444
WI-MNT_XML_V001-1120,0.020833333333333332
WI-MNT_XML_V001-532,0.006944444444444444
WI-MNT_XML_V001-145,0.006944444444444444
IL-TIMS-I_94-N-21,0.19618055555555555
WI-MNT_XML_V001-999425,1.25
WI-MNT_XML_V001-25016,0.006944444444444444
WI-MNT_XML_V001-7020,0.006944444444444444
IL-TESTTSC-177,0.020833333333333332
WI-MNT_XML_V001-27004,0.006944444444444444
WI-MNT_XML_V001-24010,0.006944444444444444
IL-TIMS-I_90-W-15,0.1987847222222222
WI-MNT_XML_V001-3015,0.006944444444444444
WI-MNT_XML_V001-25034,0.006944444444444444
WI-MNT_XML_V001-503,0.019965277777777776
WI-MNT_XML_V001-16006,0.006944444444444444
WI-MNT_XML_V001-20010,0.006944444444444444
WI-MNT_XML_V001-4020,0.006944444444444444
WI-MNT_XML_V001-1170,0.006944444444444444
WI-MNT_XML_V001-32005,0.019965277777777776
WI-MNT_XML_V001-28001,0.006944444444444444
WI-MNT_XML_V001-23010,0.006944444444444444
IL-TESTTSC-151,0.017361111111111112
WI-MNT_XML_V001-44,0.019965277777777776
WI-MNT_XML_V001-11011,0.006944444444444444
WI-MNT_XML_V001-23014,0.006944444444444444
WI-MNT_XML_V001-23019,0.006944444444444444
WI-MNT_XML_V001-27018,0.006944444444444444
WI-MNT_XML_V001-7023,0.006944444444444444
WI-MNT_XML_V001-9030,0.008680555555555556
WI-MNT_XML_V001-7001,0.006944444444444444
IL-TESTTSC-214,0.017361111111111112
WI-MNT_XML_V001-9016,0.006944444444444444
WI-MNT_XML_V001-23080,0.006944444444444444
WI-MNT_XML_V001-26003,0.006944444444444444
WI-MNT_XML_V001-559,0.0078125
WI-MNT_XML_V001-23026,0.0078125
WI-MNT_XML_V001-529,0.006944444444444444
IL-TESTTSC-235,0.017361111111111112
WI-MNT_XML_V001-6016,0.0078125
WI-MNT_XML_V001-20009,0.006944444444444444
WI-MNT_XML_V001-29017,0.006944444444444444
WI-MNT_XML_V001-9020,0.006944444444444444
WI-MNT_XML_V001-33012,0.019965277777777776
IL-TESTTSC-258,0.015625
WI-MNT_XML_V001-26039,0.006944444444444444
WI-MNT_XML_V001-25039,0.006944444444444444
WI-MNT_XML_V001-9046,0.006944444444444444
WI-MNT_XML_V001-32,0.0078125
WI-MNT_XML_V001-10004,0.006944444444444444
WI-MNT_XML_V001-16003,0.006944444444444444
WI-MNT_XML_V001-98,0.07725694444444445
WI-MNT_XML_V001-15,0.006944444444444444
WI-MNT_XML_V001-999411,0.019965277777777776
IL-TESTTSC-156,0.017361111111111112
WI-MNT_XML_V001-2004,0.0234375
WI-MNT_XML_V001-3019,0.006944444444444444
WI-MNT_XML_V001-23031,0.006944444444444444
IL-TESTTSC-254,0.017361111111111112
IL-TESTTSC-227,1.25
WI-MNT_XML_V001-7004,0.006944444444444444
WI-MNT_XML_V001-4008,0.006944444444444444
WI-MNT_XML_V001-25030,0.006944444444444444
WI-MNT_XML_V001-9003,0.0078125
WI-MNT_XML_V001-122,0.006944444444444444
WI-MNT_XML_V001-4004,0.006944444444444444
IL-TESTTSC-241,0.017361111111111112
WI-MNT_XML_V001-29003,0.006944444444444444
WI-MNT_XML_V001-7,0.006944444444444444
WI-MNT_XML_V001-6002,0.019097222222222224
IL-TIMS-I_294-N-16,0.1953125
WI-MNT_XML_V001-28008,0.006944444444444444
IL-TESTTSC-135,0.017361111111111112
IL-TESTTSC-183,0.017361111111111112
WI-MNT_XML_V001-994322,1.25
IL-TESTTSC-250,0.6684027777777778
WI-MNT_XML_V001-3011,0.006944444444444444
WI-MNT_XML_V001-12006,0.006944444444444444
WI-MNT_XML_V001-25024,0.006944444444444444
WI-MNT_XML_V001-29007,0.006944444444444444
IL-TESTTSC-207,1.25
WI-MNT_XML_V001-28012,0.006944444444444444
WI-MNT_XML_V001-33007,0.019965277777777776
IL-TESTTSC-231,1.25
WI-MNT_XML_V001-7017,0.006944444444444444
WI-MNT_XML_V001-26007,0.006944444444444444
WI-MNT_XML_V001-1180,0.006944444444444444
WI-MNT_XML_V001-3020,0.006944444444444444
WI-MNT_XML_V001-9024,0.006944444444444444
IL-TIMS-I_294-N-22,0.20052083333333334
IL-TESTTSC-197,0.017361111111111112
WI-MNT_XML_V001-33002,0.019965277777777776
WI-MNT_XML_V001-5001,0.006944444444444444
WI-MNT_XML_V001-11009,0.006944444444444444
IL-TESTTSC-143,0.017361111111111112
WI-MNT_XML_V001-9007,0.006944444444444444
WI-MNT_XML_V001-28016,0.0078125
WI-MNT_XML_V001-9042,0.006944444444444444
WI-MNT_XML_V001-7005,0.006944444444444444
WI-MNT_XML_V001-21017,0.006944444444444444
WI-MNT_XML_V001-25020,0.0078125
WI-MNT_XML_V001-7033,0.006944444444444444
WI-MNT_XML_V001-6032,0.006944444444444444
WI-MNT_XML_V001-104,0.006944444444444444
WI-MNT_XML_V001-15005,0.006944444444444444
WI-MNT_XML_V001-7060,1.25
WI-MNT_XML_V001-23022,0.006944444444444444
WI-MNT_XML_V001-7014,0.006944444444444444
WI-MNT_XML_V001-6025,0.006944444444444444
IL-TESTTSC-215,0.017361111111111112
WI-MNT_XML_V001-8004,0.006944444444444444
IL-TESTTIMS-I_88-W-57,0.2673611111111111
WI-MNT_XML_V001-27008,0.006944444444444444
WI-MNT_XML_V001-5009,0.008680555555555556
IL-TIMS-I_355-S-42,0.203125
WI-MNT_XML_V001-23047,0.008680555555555556
WI-MNT_XML_V001-1080,0.006944444444444444
WI-MNT_XML_V001-2011,0.006944444444444444
IL-TESTTSC-210,0.017361111111111112
WI-MNT_XML_V001-27009,0.006944444444444444
WI-MNT_XML_V001-9037,0.006944444444444444
WI-MNT_XML_V001-26010,0.006944444444444444
WI-MNT_XML_V001-25028,0.006944444444444444
WI-MNT_XML_V001-25029,0.006944444444444444
IL-TIMS-I_294-S-28,0.1953125
WI-MNT_XML_V001-26020,0.006944444444444444
IL-TESTTSC-162,0.034722222222222224
WI-MNT_XML_V001-2164,0.006944444444444444
WI-MNT_XML_V001-5012,0.009548611111111112
WI-MNT_XML_V001-15003,0.006944444444444444
WI-MNT_XML_V001-31006,0.006944444444444444
WI-MNT_XML_V001-3004,0.006944444444444444
IL-TESTTSC-189,0.017361111111111112
WI-MNT_XML_V001-555,0.020833333333333332
WI-MNT_XML_V001-26024,0.006944444444444444
WI-MNT_XML_V001-24009,0.006944444444444444
WI-MNT_XML_V001-11019,0.006944444444444444
WI-MNT_XML_V001-21020,0.006944444444444444
IL-TIMS-I_90-E-3,0.3203125
WI-MNT_XML_V001-11005,0.006944444444444444
IL-TIMS-I_90-W-11,0.203125
WI-MNT_XML_V001-6012,0.006944444444444444
WI-MNT_XML_V001-32015,0.019965277777777776
IL-TESTTSC-217,0.017361111111111112
WI-MNT_XML_V001-700,0.09027777777777778
WI-MNT_XML_V001-20014,0.006944444444444444
WI-MNT_XML_V001-23027,0.008680555555555556
IL-TESTTSC-164,0.034722222222222224
WI-MNT_XML_V001-23015,0.006944444444444444
IL-TESTTSC-224,1.25
WI-MNT_XML_V001-25015,0.006944444444444444
WI-MNT_XML_V001-6007,0.006944444444444444
WI-MNT_XML_V001-1011,0.006944444444444444
WI-MNT_XML_V001-133,0.006944444444444444
WI-MNT_XML_V001-26027,0.006944444444444444
IL-TESTTSC-245,0.22395833333333334
WI-MNT_XML_V001-10002,1.25
WI-MNT_XML_V001-1315,0.006944444444444444
WI-MNT_XML_V001-11015,0.006944444444444444
IL-TESTTSC-173,0.020833333333333332
IL-TESTTSC-220,0.017361111111111112
WI-MNT_XML_V001-127,0.006944444444444444
WI-MNT_XML_V001-9033,0.006944444444444444
WI-MNT_XML_V001-27015,0.006944444444444444
IL-TESTTSC-201,0.017361111111111112
WI-MNT_XML_V001-1015,0.006944444444444444
WI-MNT_XML_V001-6023,0.006944444444444444
WI-MNT_XML_V001-29023,0.006944444444444444
WI-MNT_XML_V001-32001,0.03732638888888889
WI-MNT_XML_V001-21013,0.006944444444444444
IL-TIMS-I_88-E-35,0.1987847222222222
WI-MNT_XML_V001-1110,0.08072916666666667
IL-TESTTSC-192,0.017361111111111112
WI-MNT_XML_V001-6013,0.006944444444444444
WI-MNT_XML_V001-7006,0.006944444444444444
WI-MNT_XML_V001-33019,0.019965277777777776
IL-TIMS-I_355-N-39,0.20572916666666666
WI-MNT_XML_V001-999422,0.006944444444444444
WI-MNT_XML_V001-50,0.006944444444444444
IL-TESTTSC-145,0.017361111111111112
WI-MNT_XML_V001-23042,0.006944444444444444
WI-MNT_XML_V001-999415,0.006944444444444444
WI-MNT_XML_V001-4017,0.006944444444444444
WI-MNT_XML_V001-21014,0.006944444444444444
WI-MNT_XML_V001-26040,0.0078125
WI-MNT_XML_V001-553,0.006944444444444444
WI-MNT_XML_V001-3005,0.006944444444444444
IL-TIMS-I_90-W-14,0.1987847222222222
WI-MNT_XML_V001-16008,0.006944444444444444
WI-MNT_XML_V001-9014,0.006944444444444444
WI-MNT_XML_V001-22006,0.027777777777777776
WI-MNT_XML_V001-1040,0.125
IL-TESTTSC-252,0.017361111111111112
WI-MNT_XML_V001-1100,0.006944444444444444
IL-TIMS-I_90-W-9,0.203125
WI-MNT_XML_V001-20005,0.006944444444444444
WI-MNT_XML_V001-28021,0.006944444444444444
IL-TESTTSC-185,0.017361111111111112
WI-MNT_XML_V001-25011,0.006944444444444444
IL-TESTTSC-238,0.09375
WI-MNT_XML_V001-21018,0.006944444444444444
WI-MNT_XML_V001-994311,0.006944444444444444
WI-MNT_XML_V001-199,0.019965277777777776
WI-MNT_XML_V001-21001,0.006944444444444444
WI-MNT_XML_V001-994512,1.25
WI-MNT_XML_V001-25003,0.006944444444444444
WI-MNT_XML_V001-26001,0.006944444444444444
WI-MNT_XML_V001-560,0.006944444444444444
WI-MNT_XML_V001-27001,0.006944444444444444
WI-MNT_XML_V001-23008,0.0078125
WI-MNT_XML_V001-4011,0.05642361111111111
WI-MNT_XML_V001-1002,0.006944444444444444
IL-TESTTSC-228,1.25
WI-MNT_XML_V001-23011,0.006944444444444444
WI-MNT_XML_V001-9010,0.006944444444444444
WI-MNT_XML_V001-6029,0.006944444444444444
WI-MNT_XML_V001-25066,1.25
WI-MNT_XML_V001-1090,0.006944444444444444
IL-TIMS-I_88-W-38,0.1970486111111111
WI-MNT_XML_V001-1140,0.006944444444444444
WI-MNT_XML_V001-2,0.006944444444444444
WI-MNT_XML_V001-25033,0.006944444444444444
WI-MNT_XML_V001-28004,0.04861111111111111
WI-MNT_XML_V001-994321,0.006944444444444444
WI-MNT_XML_V001-1006,0.006944444444444444
WI-MNT_XML_V001-9048,0.006944444444444444
WI-MNT_XML_V001-23016,0.006944444444444444
WI-MNT_XML_V001-9004,0.006944444444444444
WI-MNT_XML_V001-9019,0.006944444444444444
WI-MNT_XML_V001-86,0.013020833333333334
WI-MNT_XML_V001-26006,0.006944444444444444
WI-MNT_XML_V001-16007,0.006944444444444444
WI-MNT_XML_V001-1165,0.006944444444444444
WI-MNT_XML_V001-12009,0.006944444444444444
IL-TESTTSC-209,0.017361111111111112
WI-MNT_XML_V001-6062,0.006944444444444444
IL-TESTTSC-174,0.020833333333333332
WI-MNT_XML_V001-23030,0.006944444444444444
WI-MNT_XML_V001-32011,0.019965277777777776
WI-MNT_XML_V001-124,0.006944444444444444
WI-MNT_XML_V001-43,0.006944444444444444
IL-TESTTSC-138,0.017361111111111112
WI-MNT_XML_V001-30007,0.006944444444444444
WI-MNT_XML_V001-23039,0.006944444444444444
WI-MNT_XML_V001-116,0.006944444444444444
WI-MNT_XML_V001-3014,0.006944444444444444
WI-MNT_XML_V001-5003,0.006944444444444444
WI-MNT_XML_V001-33015,0.019965277777777776
WI-MNT_XML_V001-4003,0.006944444444444444
WI-MNT_XML_V001-32006,0.019965277777777776
WI-MNT_XML_V001-26034,0.006944444444444444
IL-TESTTSC-150,0.017361111111111112
WI-MNT_XML_V001-25038,0.006944444444444444
WI-MNT_XML_V001-4022,0.006944444444444444
WI-MNT_XML_V001-4021,0.006944444444444444
WI-MNT_XML_V001-23034,0.006944444444444444
WI-MNT_XML_V001-531,0.006944444444444444
WI-MNT_XML_V001-30003,1.25
WI-MNT_XML_V001-6015,0.009548611111111112
IL-TESTTSC-236,0.019097222222222224
WI-MNT_XML_V001-25023,0.006944444444444444
WI-MNT_XML_V001-994521,1.25
WI-MNT_XML_V001-25037,0.20225694444444445
WI-MNT_XML_V001-16004,0.006944444444444444
WI-MNT_XML_V001-3018,0.006944444444444444
IL-TESTTSC-213,0.017361111111111112
WI-MNT_XML_V001-11012,0.006944444444444444
WI-MNT_XML_V001-20008,0.006944444444444444
WI-MNT_XML_V001-29016,0.006944444444444444
IL-TESTTSC-196,0.017361111111111112
IL-TESTTSC-253,0.017361111111111112
WI-MNT_XML_V001-31009,0.006944444444444444
IL-TESTTSC-249,0.7907986111111112
IL-TESTTSC-206,1.25
WI-MNT_XML_V001-6019,0.006944444444444444
WI-MNT_XML_V001-4001,0.006944444444444444
WI-MNT_XML_V001-999412,0.019965277777777776
WI-MNT_XML_V001-25027,0.006944444444444444
WI-MNT_XML_V001-16,0.019965277777777776
WI-MNT_XML_V001-526,0.006944444444444444
WI-MNT_XML_V001-30006,1.25
IL-TESTTSC-159,0.017361111111111112
WI-MNT_XML_V001-10003,1.25
WI-MNT_XML_V001-27005,0.07725694444444445
WI-MNT_XML_V001-26015,0.006944444444444444
IL-TIMS-I_355-S-43,0.203125
WI-MNT_XML_V001-556,0.020833333333333332
WI-MNT_XML_V001-31005,0.006944444444444444
WI-MNT_XML_V001-9015,0.006944444444444444
WI-MNT_XML_V001-9047,0.006944444444444444
WI-MNT_XML_V001-29002,0.006944444444444444
WI-MNT_XML_V001-1060,0.006944444444444444
WI-MNT_XML_V001-33006,0.019965277777777776
WI-MNT_XML_V001-26009,0.006944444444444444
WI-MNT_XML_V001-3010,0.006944444444444444
WI-MNT_XML_V001-21005,0.006944444444444444
WI-MNT_XML_V001-7027,0.006944444444444444
WI-MNT_XML_V001-4007,0.006944444444444444
WI-MNT_XML_V001-23004,0.006944444444444444
IL-TESTTSC-155,0.06770833333333333
WI-MNT_XML_V001-12011,0.006944444444444444
IL-TESTTSC-240,0.017361111111111112
WI-MNT_XML_V001-29019,0.006944444444444444
IL-TIMS-I_90-W-8,0.203125
WI-MNT_XML_V001-1001,0.006944444444444444
WI-MNT_XML_V001-502,1.25
WI-MNT_XML_V001-23009,0.0078125
WI-MNT_XML_V001-8006,0.006944444444444444
WI-MNT_XML_V001-187,0.006944444444444444
WI-MNT_XML_V001-12015,0.006944444444444444
IL-TESTTSC-232,0.017361111111111112
IL-TIMS-I_90-E-5,0.21875
WI-MNT_XML_V001-12005,0.006944444444444444
WI-MNT_XML_V001-26002,0.006944444444444444
IL-TESTTSC-136,0.017361111111111112
WI-MNT_XML_V001-9028,0.008680555555555556
IL-TESTTIMS-I_88-W-56,0.21961805555555555
WI-MNT_XML_V001-7018,0.006944444444444444
WI-MNT_XML_V001-9023,0.006944444444444444
IL-TESTTSC-257,0.018229166666666668
WI-MNT_XML_V001-28007,0.006944444444444444
WI-MNT_XML_V001-33013,0.019965277777777776
WI-MNT_XML_V001-31017,0.006944444444444444
WI-MNT_XML_V001-9038,0.009548611111111112
WI-MNT_XML_V001-3021,1.25
WI-MNT_XML_V001-7013,0.006944444444444444
WI-MNT_XML_V001-103,0.006944444444444444
WI-MNT_XML_V001-27011,0.006944444444444444
WI-MNT_XML_V001-9043,0.006944444444444444
IL-TESTTSC-182,1.25
WI-MNT_XML_V001-6008,0.006944444444444444
WI-MNT_XML_V001-21000,0.006944444444444444
IL-TESTTSC-149,0.017361111111111112
WI-MNT_XML_V001-21009,0.006944444444444444
WI-MNT_XML_V001-5008,0.006944444444444444
WI-MNT_XML_V001-15002,0.006944444444444444
IL-TIMS-I_294-S-25,0.19618055555555555
WI-MNT_XML_V001-2003,0.006944444444444444
WI-MNT_XML_V001-4013,0.006944444444444444
WI-MNT_XML_V001-3001,1.25
WI-MNT_XML_V001-218,0.006944444444444444
IL-TIMS-I_90-W-10,0.20052083333333334
WI-MNT_XML_V001-28013,0.006944444444444444
IL-TESTTSC-140,0.017361111111111112
WI-MNT_XML_V001-11004,0.006944444444444444
WI-MNT_XML_V001-24008,0.006944444444444444
IL-TIMS-I_294-S-29,0.1953125
WI-MNT_XML_V001-20001,0.006944444444444444
WI-MNT_XML_V001-8003,0.019097222222222224
IL-TIMS-I_294-S-32,0.1953125
WI-MNT_XML_V001-6033,0.0078125
WI-MNT_XML_V001-24003,0.006944444444444444
WI-MNT_XML_V001-2007,0.006944444444444444
IL-TIMS-I_294-N-19,0.1996527777777778
WI-MNT_XML_V001-23028,0.006944444444444444
WI-MNT_XML_V001-20013,0.006944444444444444
WI-MNT_XML_V001-33001,0.019965277777777776
WI-MNT_XML_V001-5002,0.006944444444444444
WI-MNT_XML_V001-11008,0.006944444444444444
WI-MNT_XML_V001-29012,0.006944444444444444
IL-TESTTSC-216,0.017361111111111112
WI-MNT_XML_V001-5011,0.009548611111111112
WI-MNT_XML_V001-3009,0.006944444444444444
WI-MNT_XML_V001-5016,0.20399305555555555
IL-TESTTSC-163,0.034722222222222224
WI-MNT_XML_V001-23081,0.006944444444444444
WI-MNT_XML_V001-6011,0.006944444444444444
WI-MNT_XML_V001-23023,0.2152777777777778
IL-TESTTSC-170,0.020833333333333332
WI-MNT_XML_V001-128,0.006944444444444444
WI-MNT_XML_V001-9036,0.006944444444444444
IL-TESTTSC-218,0.017361111111111112
WI-MNT_XML_V001-1003,0.006944444444444444
WI-MNT_XML_V001-181,0.006944444444444444
IL-TESTTSC-191,1.25
WI-MNT_XML_V001-26026,0.006944444444444444
IL-TESTTSC-148,0.017361111111111112
IL-TESTTSC-244,0.017361111111111112
WI-MNT_XML_V001-27016,0.006944444444444444
WI-MNT_XML_V001-994511,0.006944444444444444
WI-MNT_XML_V001-15004,0.006944444444444444
WI-MNT_XML_V001-20012,0.006944444444444444
WI-MNT_XML_V001-7007,0.006944444444444444
WI-MNT_XML_V001-31015,0.006944444444444444
WI-MNT_XML_V001-21019,0.006944444444444444
WI-MNT_XML_V001-1016,0.006944444444444444
WI-MNT_XML_V001-23041,0.006944444444444444
WI-MNT_XML_V001-6022,0.006944444444444444
WI-MNT_XML_V001-999423,0.019965277777777776
WI-MNT_XML_V001-7011,0.006944444444444444
WI-MNT_XML_V001-3006,0.006944444444444444
WI-MNT_XML_V001-12004,0.006944444444444444
WI-MNT_XML_V001-9032,0.006944444444444444
WI-MNT_XML_V001-28017,0.0078125
IL-TESTTSC-225,1.25
WI-MNT_XML_V001-31012,0.006944444444444444
WI-MNT_XML_V001-1007,0.006944444444444444
WI-MNT_XML_V001-32007,0.019965277777777776
WI-MNT_XML_V001-15000,0.006944444444444444
WI-MNT_XML_V001-25,0.006944444444444444
IL-TESTTSC-200,1.25
WI-MNT_XML_V001-23012,0.006944444444444444
WI-MNT_XML_V001-29024,1.25
IL-TESTTSC-239,0.017361111111111112
IL-TESTTSC-221,0.017361111111111112
WI-MNT_XML_V001-3002,0.08940972222222222
WI-MNT_XML_V001-26013,0.006944444444444444
WI-MNT_XML_V001-25007,0.006944444444444444
WI-MNT_XML_V001-7016,0.006944444444444444
WI-MNT_XML_V001-32002,0.019097222222222224
WI-MNT_XML_V001-6006,0.006944444444444444
WI-MNT_XML_V001-33018,0.019965277777777776
WI-MNT_XML_V001-20054,1.25
WI-MNT_XML_V001-10001,0.006944444444444444
WI-MNT_XML_V001-9008,0.006944444444444444
WI-MNT_XML_V001-1012,0.006944444444444444
WI-MNT_XML_V001-1050,0.006944444444444444
IL-TIMS-I_88-E-34,0.1987847222222222
IL-TIMS-I_88-W-37,0.1970486111111111
WI-MNT_XML_V001-6026,0.006944444444444444
IL-TESTTSC-144,0.017361111111111112
IL-TESTTSC-195,0.017361111111111112
IL-TESTTSC-251,0.017361111111111112
WI-MNT_XML_V001-20004,0.006944444444444444
WI-MNT_XML_V001-9040,0.006944444444444444
WI-MNT_XML_V001-1070,0.006944444444444444
WI-MNT_XML_V001-4016,0.006944444444444444
WI-MNT_XML_V001-21015,0.019097222222222224
IL-TESTTSC-186,0.017361111111111112
WI-MNT_XML_V001-505,0.019965277777777776
WI-MNT_XML_V001-23007,0.0078125
WI-MNT_XML_V001-29009,0.0078125
WI-MNT_XML_V001-28003,0.006944444444444444
WI-MNT_XML_V001-109,0.006944444444444444
IL-TESTTSC-139,0.017361111111111112
IL-TIMS-I_94-N-23,0.19618055555555555
WI-MNT_XML_V001-29020,0.006944444444444444
WI-MNT_XML_V001-33009,0.019965277777777776
WI-MNT_XML_V001-121,0.006944444444444444
WI-MNT_XML_V001-23033,0.006944444444444444
IL-TESTTSC-237,0.017361111111111112
WI-MNT_XML_V001-21,0.006944444444444444
WI-MNT_XML_V001-9026,0.008680555555555556
WI-MNT_XML_V001-3013,0.006944444444444444
WI-MNT_XML_V001-23017,0.006944444444444444
IL-TESTTSC-229,1.25
WI-MNT_XML_V001-16000,0.006944444444444444
WI-MNT_XML_V001-1185,0.006944444444444444
WI-MNT_XML_V001-9011,0.006944444444444444
WI-MNT_XML_V001-4010,0.006944444444444444
WI-MNT_XML_V001-25019,0.006944444444444444
WI-MNT_XML_V001-706,0.006944444444444444
WI-MNT_XML_V001-5004,0.006944444444444444
WI-MNT_XML_V001-3017,0.006944444444444444
WI-MNT_XML_V001-9005,0.006944444444444444
WI-MNT_XML_V001-23037,0.006944444444444444
WI-MNT_XML_V001-21010,0.006944444444444444
WI-MNT_XML_V001-9018,0.006944444444444444
IL-TIMS-I_355-N-40,0.20572916666666666
WI-MNT_XML_V001-206,0.006944444444444444
WI-MNT_XML_V001-32003,0.019965277777777776
WI-MNT_XML_V001-4002,0.006944444444444444
WI-MNT_XML_V001-31001,0.006944444444444444
WI-MNT_XML_V001-6036,0.006944444444444444
WI-MNT_XML_V001-25010,0.006944444444444444
WI-MNT_XML_V001-26005,0.006944444444444444
WI-MNT_XML_V001-23038,0.006944444444444444
WI-MNT_XML_V001-15010,0.006944444444444444
WI-MNT_XML_V001-27002,0.006944444444444444
WI-MNT_XML_V001-26031,0.019097222222222224
WI-MNT_XML_V001-31004,0.006944444444444444
WI-MNT_XML_V001-11010,0.006944444444444444
WI-MNT_XML_V001-4023,0.006944444444444444
IL-TESTTSC-208,0.017361111111111112
WI-MNT_XML_V001-140,0.006944444444444444
WI-MNT_XML_V001-29015,0.006944444444444444
WI-MNT_XML_V001-7030,0.006944444444444444
WI-MNT_XML_V001-11013,0.006944444444444444
WI-MNT_XML_V001-30008,0.006944444444444444
WI-MNT_XML_V001-7026,0.006944444444444444
IL-TESTTSC-175,0.020833333333333332
WI-MNT_XML_V001-33010,0.019965277777777776
IL-TESTTSC-256,0.017361111111111112
WI-MNT_XML_V001-30004,1.25
WI-MNT_XML_V001-9022,0.006944444444444444
WI-MNT_XML_V001-38,0.006944444444444444
WI-MNT_XML_V001-26014,0.006944444444444444
WI-MNT_XML_V001-211,0.020833333333333332
WI-MNT_XML_V001-999413,0.006944444444444444
WI-MNT_XML_V001-1145,0.006944444444444444
IL-TIMS-I_90-W-13,0.3220486111111111
IL-TIMS-I_355-S-44,0.203125
IL-TESTTSC-158,0.017361111111111112
WI-MNT_XML_V001-557,0.020833333333333332
WI-MNT_XML_V001-18,0.006944444444444444
WI-MNT_XML_V001-530,0.006944444444444444
IL-TIMS-I_294-N-20,0.20052083333333334
WI-MNT_XML_V001-16001,0.006944444444444444
WI-MNT_XML_V001-25026,0.006944444444444444
WI-MNT_XML_V001-29001,0.006944444444444444
IL-TESTTSC-178,0.03211805555555555
IL-TESTTSC-205,1.25
WI-MNT_XML_V001-22001,0.006944444444444444
WI-MNT_XML_V001-28006,0.006944444444444444
IL-TIMS-I_294-N-18,0.1953125
WI-MNT_XML_V001-1,0.006944444444444444
IL-TESTTSC-154,0.017361111111111112
WI-MNT_XML_V001-9027,0.008680555555555556
IL-TESTTIMS-I_88-E-55,0.2326388888888889
WI-MNT_XML_V001-6030,0.006944444444444444
IL-TESTTSC-199,0.017361111111111112
WI-MNT_XML_V001-4006,0.006944444444444444
WI-MNT_XML_V001-79,0.006944444444444444
WI-MNT_XML_V001-11003,0.006944444444444444
WI-MNT_XML_V001-9044,0.006944444444444444
IL-TESTTSC-248,0.034722222222222224
WI-MNT_XML_V001-12008,0.006944444444444444
IL-TIMS-I_294-S-26,0.19618055555555555
WI-MNT_XML_V001-7022,0.006944444444444444
WI-MNT_XML_V001-12014,0.006944444444444444
IL-TESTTSC-160,0.06770833333333333
WI-MNT_XML_V001-27058,1.25
WI-MNT_XML_V001-6018,0.006944444444444444
WI-MNT_XML_V001-25032,0.006944444444444444
IL-TESTTSC-137,0.017361111111111112
WI-MNT_XML_V001-501,0.019965277777777776
WI-MNT_XML_V001-33014,0.019965277777777776
WI-MNT_XML_V001-12010,0.006944444444444444
WI-MNT_XML_V001-26037,0.006944444444444444
WI-MNT_XML_V001-26008,0.006944444444444444
WI-MNT_XML_V001-163,0.012152777777777778
IL-TESTTSC-141,0.017361111111111112
WI-MNT_XML_V001-11055,0.006944444444444444
WI-MNT_XML_V001-21004,0.006944444444444444
WI-MNT_XML_V001-7019,0.006944444444444444
WI-MNT_XML_V001-33005,0.019965277777777776
WI-MNT_XML_V001-2002,0.006944444444444444
IL-TESTTSC-181,1.25
WI-MNT_XML_V001-29011,0.006944444444444444
WI-MNT_XML_V001-55,0.006944444444444444
WI-MNT_XML_V001-9039,0.006944444444444444
WI-MNT_XML_V001-20007,0.006944444444444444
WI-MNT_XML_V001-21008,0.006944444444444444
WI-MNT_XML_V001-11017,0.006944444444444444
WI-MNT_XML_V001-7031,0.006944444444444444
WI-MNT_XML_V001-24007,0.006944444444444444
WI-MNT_XML_V001-15007,0.006944444444444444
WI-MNT_XML_V001-27012,0.006944444444444444
IL-TESTTSC-166,0.020833333333333332
IL-TIMS-I_90-E-6,0.21875
WI-MNT_XML_V001-26019,0.006944444444444444
WI-MNT_XML_V001-12001,0.006944444444444444
WI-MNT_XML_V001-26018,0.006944444444444444
WI-MNT_XML_V001-9001,0.006944444444444444
IL-TIMS-I_294-S-31,0.1953125
WI-MNT_XML_V001-24002,0.019097222222222224
WI-MNT_XML_V001-23045,0.009548611111111112
WI-MNT_XML_V001-27006,0.07725694444444445
IL-TESTTSC-260,0.015625
WI-MNT_XML_V001-15001,0.006944444444444444
WI-MNT_XML_V001-23029,0.006944444444444444
WI-MNT_XML_V001-23020,0.006944444444444444
WI-MNT_XML_V001-1160,0.006944444444444444
WI-MNT_XML_V001-11007,0.006944444444444444
WI-MNT_XML_V001-25001,0.006944444444444444
WI-MNT_XML_V001-32012,0.019965277777777776
WI-MNT_XML_V001-5010,0.008680555555555556
IL-TESTTSC-233,0.020833333333333332
WI-MNT_XML_V001-31,0.0078125
WI-MNT_XML_V001-6010,0.006944444444444444
WI-MNT_XML_V001-26022,0.006944444444444444
WI-MNT_XML_V001-31008,0.006944444444444444
WI-MNT_XML_V001-1130,0.006944444444444444
WI-MNT_XML_V001-6034,0.006944444444444444
WI-MNT_XML_V001-2006,1.1310763888888888
WI-MNT_XML_V001-23082,0.006944444444444444
IL-TESTTSC-212,0.017361111111111112
IL-TESTTSC-243,0.017361111111111112
WI-MNT_XML_V001-527,0.006944444444444444
WI-MNT_XML_V001-23024,0.2152777777777778
WI-MNT_XML_V001-8002,0.019097222222222224
WI-MNT_XML_V001-28014,0.006944444444444444
WI-MNT_XML_V001-26021,0.006944444444444444
WI-MNT_XML_V001-26,0.006944444444444444
WI-MNT_XML_V001-1008,0.006944444444444444
IL-TESTTSC-187,0.017361111111111112
WI-MNT_XML_V001-7010,0.006944444444444444
WI-MNT_XML_V001-1013,0.006944444444444444
WI-MNT_XML_V001-23040,0.006944444444444444
IL-TESTTSC-190,1.25
WI-MNT_XML_V001-30010,0.006944444444444444
IL-TESTTSC-247,0.04079861111111111
WI-MNT_XML_V001-23013,0.006944444444444444
WI-MNT_XML_V001-1150,0.006944444444444444
IL-TESTTSC-171,0.020833333333333332
WI-MNT_XML_V001-999424,0.019965277777777776
WI-MNT_XML_V001-32008,0.019965277777777776
IL-TESTTSC-168,0.020833333333333332
IL-TIMS-I_88-E-33,0.1987847222222222
IL-TESTTSC-147,1.25
WI-MNT_XML_V001-551,0.006944444444444444
WI-MNT_XML_V001-1004,0.006944444444444444
WI-MNT_XML_V001-6005,0.006944444444444444
WI-MNT_XML_V001-25005,0.0078125
WI-MNT_XML_V001-9006,0.006944444444444444
WI-MNT_XML_V001-29014,0.006944444444444444
IL-TESTTSC-259,0.015625
WI-MNT_XML_V001-1313,0.006944444444444444
WI-MNT_XML_V001-6027,0.006944444444444444
WI-MNT_XML_V001-32004,0.019965277777777776
IL-TESTTSC-222,0.017361111111111112
WI-MNT_XML_V001-21011,0.006944444444444444
IL-TIMS-I_294-S-30,0.1953125
WI-MNT_XML_V001-26012,0.006944444444444444
WI-MNT_XML_V001-4015,0.006944444444444444
WI-MNT_XML_V001-3007,0.006944444444444444
WI-MNT_XML_V001-6009,0.006944444444444444
WI-MNT_XML_V001-193,0.006944444444444444
IL-TIMS-I_90-E-1,0.3324652777777778
WI-MNT_XML_V001-182,0.006944444444444444
WI-MNT_XML_V001-2001,0.006944444444444444
WI-MNT_XML_V001-26029,0.006944444444444444
WI-MNT_XML_V001-25008,0.006944444444444444
WI-MNT_XML_V001-12003,0.006944444444444444
WI-MNT_XML_V001-10000,0.006944444444444444
WI-MNT_XML_V001-28018,0.04861111111111111
WI-MNT_XML_V001-25013,0.006944444444444444
WI-MNT_XML_V001-9041,0.006944444444444444
WI-MNT_XML_V001-241,0.0763888888888889
IL-TESTTSC-219,0.017361111111111112
WI-MNT_XML_V001-701,0.012152777777777778
WI-MNT_XML_V001-61,0.020833333333333332
WI-MNT_XML_V001-26025,0.006944444444444444
IL-TESTTSC-194,0.017361111111111112
WI-MNT_XML_V001-9009,0.006944444444444444
WI-MNT_XML_V001-9035,0.006944444444444444
WI-MNT_XML_V001-7008,0.006944444444444444
WI-MNT_XML_V001-29018,0.006944444444444444
WI-MNT_XML_V001-6021,0.006944444444444444
WI-MNT_XML_V001-500,1.25
WI-MNT_XML_V001-7029,0.006076388888888889
WI-MNT_XML_V001-16005,0.006944444444444444
WI-MNT_XML_V001-33008,0.019965277777777776
WI-MNT_XML_V001-9012,0.006944444444444444
WI-MNT_XML_V001-27017,0.006944444444444444
WI-MNT_XML_V001-23006,0.006944444444444444
IL-TIMS-I_355-N-41,0.20572916666666666
IL-TESTTSC-204,0.017361111111111112
WI-MNT_XML_V001-8007,0.006944444444444444
WI-MNT_XML_V001-533,0.006944444444444444
WI-MNT_XML_V001-2009,0.006944444444444444
WI-MNT_XML_V001-504,0.019965277777777776
WI-MNT_XML_V001-49,0.006944444444444444
WI-MNT_XML_V001-29008,0.006944444444444444
WI-MNT_XML_V001-13,0.006944444444444444
WI-MNT_XML_V001-2005,1.25
WI-MNT_XML_V001-22008,0.006944444444444444
WI-MNT_XML_V001-20003,0.006944444444444444
WI-MNT_XML_V001-4005,0.006944444444444444
WI-MNT_XML_V001-33017,0.019965277777777776
WI-MNT_XML_V001-1190,0.006944444444444444
WI-MNT_XML_V001-26032,0.019097222222222224
WI-MNT_XML_V001-11014,0.006944444444444444
WI-MNT_XML_V001-25017,0.006944444444444444
IL-TESTTSC-176,0.017361111111111112
WI-MNT_XML_V001-15008,0.006944444444444444
WI-MNT_XML_V001-23036,0.008680555555555556
WI-MNT_XML_V001-9031,0.008680555555555556
WI-MNT_XML_V001-31003,0.006944444444444444
WI-MNT_XML_V001-5005,0.006944444444444444
IL-TESTTSC-179,1.25
WI-MNT_XML_V001-3012,0.006944444444444444
WI-MNT_XML_V001-27003,0.006944444444444444
IL-TESTTSC-203,0.017361111111111112
WI-MNT_XML_V001-29021,0.026909722222222224
WI-MNT_XML_V001-139,0.03125
WI-MNT_XML_V001-31011,0.006944444444444444
WI-MNT_XML_V001-7025,0.006944444444444444
WI-MNT_XML_V001-22,0.006944444444444444
WI-MNT_XML_V001-23032,0.006944444444444444
WI-MNT_XML_V001-28002,0.006944444444444444
WI-MNT_XML_V001-23018,0.006944444444444444
WI-MNT_XML_V001-80,0.006944444444444444
WI-MNT_XML_V001-30005,0.020833333333333332
WI-MNT_XML_V001-25035,0.006944444444444444
WI-MNT_XML_V001-24001,0.019097222222222224
WI-MNT_XML_V001-26033,0.006944444444444444
WI-MNT_XML_V001-123,0.006944444444444444
WI-MNT_XML_V001-33011,0.019965277777777776
IL-TESTTSC-255,0.018229166666666668
WI-MNT_XML_V001-9017,0.006944444444444444
WI-MNT_XML_V001-11056,0.006944444444444444
WI-MNT_XML_V001-26004,0.006944444444444444
WI-MNT_XML_V001-32013,0.019965277777777776
WI-MNT_XML_V001-4061,0.006944444444444444
IL-TIMS-I_90-W-12,0.3203125
IL-TESTTSC-211,0.017361111111111112
WI-MNT_XML_V001-28011,0.006944444444444444
WI-MNT_XML_V001-528,0.006944444444444444
IL-TESTTSC-157,0.017361111111111112
WI-MNT_XML_V001-2163,0.006944444444444444
WI-MNT_XML_V001-37,0.006944444444444444
WI-MNT_XML_V001-7003,0.006944444444444444
WI-MNT_XML_V001-110,0.006944444444444444
WI-MNT_XML_V001-8,0.006944444444444444
WI-MNT_XML_V001-5014,1.25
WI-MNT_XML_V001-9021,0.006944444444444444
IL-TESTTSC-180,1.25
WI-MNT_XML_V001-23025,0.0078125
WI-MNT_XML_V001-7024,0.006944444444444444
WI-MNT_XML_V001-12013,0.006944444444444444
WI-MNT_XML_V001-12007,0.006944444444444444
IL-TESTTSC-134,0.017361111111111112
WI-MNT_XML_V001-16002,0.006944444444444444
WI-MNT_XML_V001-7021,0.006944444444444444
WI-MNT_XML_V001-9025,0.006944444444444444
IL-TESTTSC-198,0.017361111111111112
WI-MNT_XML_V001-8001,0.019097222222222224
WI-MNT_XML_V001-9029,0.008680555555555556
WI-MNT_XML_V001-9045,0.006944444444444444
WI-MNT_XML_V001-205,0.006944444444444444
WI-MNT_XML_V001-22000,0.006944444444444444
IL-TIMS-I_294-N-17,0.19618055555555555
IL-TESTTSC-184,0.017361111111111112
WI-MNT_XML_V001-4009,0.006944444444444444
WI-MNT_XML_V001-25031,0.006944444444444444
IL-TIMS-I_90-E-7,0.21875
WI-MNT_XML_V001-14,0.006944444444444444
WI-MNT_XML_V001-6031,0.006944444444444444
WI-MNT_XML_V001-26038,0.006944444444444444
WI-MNT_XML_V001-6003,0.019097222222222224
WI-MNT_XML_V001-558,0.006944444444444444
WI-MNT_XML_V001-11002,0.019097222222222224
IL-TESTTSC-230,1.25
IL-TIMS-I_94-S-24,0.19618055555555555
WI-MNT_XML_V001-21003,0.006944444444444444
WI-MNT_XML_V001-33004,0.019965277777777776
WI-MNT_XML_V001-6017,0.006944444444444444
WI-MNT_XML_V001-25025,0.006944444444444444
IL-TESTTSC-153,1.25
IL-TESTTSC-142,0.017361111111111112
WI-MNT_XML_V001-7032,0.006944444444444444
WI-MNT_XML_V001-20006,0.006944444444444444
IL-TESTTSC-165,0.034722222222222224
WI-MNT_XML_V001-21016,0.006944444444444444
WI-MNT_XML_V001-23021,0.006944444444444444
WI-MNT_XML_V001-30009,0.006944444444444444
WI-MNT_XML_V001-26011,0.006944444444444444
WI-MNT_XML_V001-12002,0.006944444444444444
WI-MNT_XML_V001-29004,0.006944444444444444
WI-MNT_XML_V001-32000,0.019097222222222224
WI-MNT_XML_V001-25021,0.0078125
WI-MNT_XML_V001-8005,0.006944444444444444
IL-TESTTSC-226,1.25
WI-MNT_XML_V001-24006,0.006944444444444444
WI-MNT_XML_V001-27013,0.006944444444444444
WI-MNT_XML_V001-30013,0.006944444444444444
WI-MNT_XML_V001-56,0.006944444444444444
WI-MNT_XML_V001-28015,0.006944444444444444
WI-MNT_XML_V001-27007,0.006944444444444444
WI-MNT_XML_V001-7015,0.006944444444444444
WI-MNT_XML_V001-11018,0.006944444444444444
WI-MNT_XML_V001-23002,0.006944444444444444
IL-TESTTIMS-I_88-E-54,0.265625
WI-MNT_XML_V001-9002,0.0078125
WI-MNT_XML_V001-23049,0.008680555555555556
WI-MNT_XML_V001-5013,0.07899305555555555
WI-MNT_XML_V001-29010,0.0078125
WI-MNT_XML_V001-6035,0.006944444444444444
WI-MNT_XML_V001-23048,0.008680555555555556
WI-MNT_XML_V001-6024,0.006944444444444444
WI-MNT_XML_V001-23083,0.006944444444444444
WI-MNT_XML_V001-554,0.029513888888888888
WI-MNT_XML_V001-231,0.006944444444444444
IL-TESTTSC-161,0.06770833333333333
IL-TIMS-I_88-W-36,0.1970486111111111
WI-MNT_XML_V001-28019,0.006944444444444444
WI-MNT_XML_V001-224,0.006944444444444444
WI-MNT_XML_V001-26017,0.006944444444444444
WI-MNT_XML_V001-11006,0.006944444444444444
IL-TIMS-I_90-E-4,0.19618055555555555
IL-TESTTSC-169,0.020833333333333332
WI-MNT_XML_V001-3003,0.006944444444444444
WI-MNT_XML_V001-31007,0.006944444444444444
WI-MNT_XML_V001-25002,0.006944444444444444
WI-MNT_XML_V001-25063,1.25
WI-MNT_XML_V001-32014,0.019965277777777776
IL-TESTTSC-234,0.017361111111111112
IL-TESTTSC-242,0.020833333333333332
WI-MNT_XML_V001-33003,0.019965277777777776
IL-TIMS-I_294-S-27,0.19618055555555555
